symbol,asset_type,name,description,cik,exchange,currency,country,sector,industry,address,official_site,latest_fiscal_date,previous_fiscal_date,latest_revenue,previous_revenue,latest_net_income,previous_net_income,latest_gross_profit,previous_gross_profit,latest_revenue_growth_%,latest_net_income_growth_%,latest_gross_profit_growth_%
MMM,Common Stock,3M Company,"3M Company is a leading American multinational conglomerate that excels in innovation across diverse sectors, including industrial, safety, healthcare, and consumer goods. Boasting a robust portfolio of over 60,000 products, 3M has established a strong market presence in adhesives, abrasives, medical supplies, and personal protective equipment through its reputable brands. Headquartered in Maplewood, Minnesota, the company is recognized for its commitment to technological advancement and sustainability, enabling it to effectively respond to the changing demands of both consumers and industries while driving future growth.",66740,NYSE,USD,USA,INDUSTRIALS,CONGLOMERATES,"3M CENTER, SAINT PAUL, MN, UNITED STATES, 55144-1000",https://www.3m.com,2024-12-31,2023-12-31,24575000000.0,32681000000.0,4173000000.0,-6995000000.0,10080000000.0,14204000000.0,-24.803402588660077,-159.65689778413153,-29.034074908476487
AOS,Common Stock,Smith AO Corporation,"A. O. Smith Corporation is a premier American manufacturer renowned for its expertise in residential and commercial water heating solutions, positioning itself as the largest producer and marketer of water heaters in North America. The company has successfully diversified its product line to include water treatment systems, with a notable emphasis on expanding operations in the expanding Asian market. With a steadfast commitment to innovation and high-quality standards, A. O. Smith is well-equipped to navigate the dynamic landscape of water solutions, presenting a compelling investment opportunity for institutional investors seeking long-term, sustainable growth.",91142,NYSE,USD,USA,INDUSTRIALS,SPECIALTY INDUSTRIAL MACHINERY,"11270 WEST PARK PLACE, MILWAUKEE, WI, UNITED STATES, 53224",https://www.aosmith.com,2024-12-31,2023-12-31,3818100000.0,3852800000.0,533600000.0,556600000.0,1456100000.0,1484800000.0,-0.9006436877076411,-4.132231404958678,-1.9329202586206895
ABT,Common Stock,Abbott Laboratories,"Abbott Laboratories (ABT) is a prominent American multinational healthcare company based in Abbott Park, Illinois, with expertise across a diverse range of sectors, including medical devices, diagnostics, nutritional products, and branded generic medicines. Established in 1888, Abbott has demonstrated a strong commitment to innovation, enhancing health outcomes through cutting-edge technology and comprehensive healthcare solutions. The company's strategic decision to spin off its research-based pharmaceutical operations into AbbVie in 2013 has allowed it to focus on its core offerings while maintaining a legacy of excellence in healthcare. With a robust global presence, Abbott is well-positioned to capitalize on emerging market opportunities and address evolving healthcare needs.",1800,NYSE,USD,USA,HEALTHCARE,MEDICAL DEVICES,"100 ABBOTT PARK ROAD, NORTH CHICAGO, IL, UNITED STATES, 60064-6400",https://www.abbott.com,2024-12-31,2023-12-31,41950000000.0,40109000000.0,13402000000.0,5723000000.0,21325000000.0,20037000000.0,4.589992271061358,134.17787873492924,6.428108000199631
ABBV,Common Stock,AbbVie Inc,"AbbVie Inc is a leading American biopharmaceutical company, established in 2013 from a spin-off of Abbott Laboratories. The company specializes in the research, development, and commercialization of advanced therapies in immunology, oncology, virology, and neuroscience. With a robust pipeline of innovative treatments, AbbVie is committed to addressing some of the world's most challenging health issues and is recognized for its blockbuster immunology drug, Humira. AbbVie continues to strengthen its portfolio through strategic acquisitions and collaborations, positioning itself as a formidable player in the global biopharmaceutical landscape.",1551152,NYSE,USD,USA,HEALTHCARE,DRUG MANUFACTURERS - GENERAL,"1 NORTH WAUKEGAN ROAD, NORTH CHICAGO, IL, UNITED STATES, 60064-6400",https://www.abbvie.com,2024-12-31,2023-12-31,56334000000.0,54318000000.0,4278000000.0,4863000000.0,39430000000.0,33903000000.0,3.711476858499945,-12.02961135101789,16.30239211869156
ACN,Common Stock,Accenture plc,"Accenture plc is a premier global professional services company, headquartered in Dublin, specializing in consulting, digital transformation, technology, and operations. With a strong focus on innovation and efficiency, Accenture collaborates with clients across diverse industries to deliver transformative solutions that drive business performance and sustainable growth. The firm’s deep industry expertise and commitment to leveraging advanced technologies solidify its position as a leader in the dynamic digital landscape, making it an indispensable partner for organizations seeking to thrive in an increasingly competitive environment.",1467373,NYSE,USD,USA,TECHNOLOGY,INFORMATION TECHNOLOGY SERVICES,"1 GRAND CANAL SQUARE, DUBLIN, IRELAND, D02 P820",https://www.accenture.com,2025-08-31,2024-08-31,69672977000.0,64896464000.0,7678433000.0,7264787000.0,22235401000.0,21162317000.0,7.360205326441206,5.693848973135758,5.070730204069809
ADBE,Common Stock,Adobe Systems Incorporated,"Adobe Inc. is a premier American multinational software company based in San Jose, California, recognized for its innovative leadership in digital media and marketing solutions. With flagship products like Adobe Photoshop, Illustrator, and Acrobat, it has become an essential partner for creative professionals across diverse industries. The company has further expanded its portfolio through Adobe Experience Cloud, a comprehensive suite that enhances customer engagement and marketing strategies for businesses. By harnessing the power of artificial intelligence and cloud technologies, Adobe is well-positioned to sustain its competitive advantage and address the evolving demands of the digital landscape, boasting a vast global user base.",796343,NASDAQ,USD,USA,TECHNOLOGY,SOFTWARE - APPLICATION,"345 PARK AVENUE, SAN JOSE, CA, UNITED STATES, 95110-2704",https://www.adobe.com,2024-11-30,2023-11-30,21505000000.0,19409000000.0,5560000000.0,5428000000.0,19147000000.0,17055000000.0,10.799113813179453,2.4318349299926307,12.2661975960129
AMD,Common Stock,Advanced Micro Devices Inc,"Advanced Micro Devices, Inc. (AMD) is a prominent American semiconductor company based in Santa Clara, California, renowned for its innovative microprocessors, graphics processors, and motherboard chipsets. Catering to diverse markets, including data centers, enterprise solutions, and consumer electronics, AMD's commitment to high-performance computing has positioned it as a significant force in the rapidly evolving semiconductor industry. The company's strategic focus on advancing technology to meet the dynamic needs of both businesses and consumers underscores its potential for continued growth and leadership in the sector.",2488,NASDAQ,USD,USA,TECHNOLOGY,SEMICONDUCTORS,"2485 AUGUSTINE DRIVE, SANTA CLARA, CA, UNITED STATES, 95054",https://www.amd.com,2024-12-31,2023-12-31,25785000000.0,22680000000.0,1641000000.0,854000000.0,12725000000.0,10460000000.0,13.690476190476192,92.15456674473069,21.653919694072655
AES,Common Stock,The AES Corporation,"The AES Corporation is a Fortune 500 leader in the global power sector, specializing in the generation and distribution of electricity through a diverse portfolio that includes both renewable and traditional energy sources. Based in Arlington, Virginia, AES is committed to sustainability and innovation, aiming to enhance energy access while minimizing environmental impact. As the energy landscape evolves, AES is well-positioned to take advantage of emerging opportunities, making it a compelling investment choice for institutional investors seeking exposure to a transformative industry.",874761,NYSE,USD,USA,UTILITIES,UTILITIES - DIVERSIFIED,"4300 WILSON BOULEVARD, ARLINGTON, VA, UNITED STATES, 22203",https://www.aes.com,2024-12-31,2023-12-31,12278000000.0,12676000000.0,1686000000.0,242000000.0,2316000000.0,2515000000.0,-3.1397917324077,596.694214876033,-7.912524850894632
AFL,Common Stock,Aflac Incorporated,"Aflac Incorporated (ticker: AFL) is a premier provider of supplemental insurance in the United States, recognized for its comprehensive range of products aimed at alleviating the financial impact of unanticipated medical expenses. Boasting a significant market position in both the U.S. and Japan, Aflac excels in areas such as cancer and accident insurance, leveraging its strong brand reputation and customer loyalty. The company showcases robust financial health, evident in its ongoing revenue growth and sound balance sheet, reinforcing its ability to drive shareholder value while adapting to the dynamic healthcare environment.",4977,NYSE,USD,USA,FINANCIAL SERVICES,INSURANCE - LIFE,"1932 WYNNTON ROAD, COLUMBUS, GA, UNITED STATES, 31999",https://www.aflac.com,2024-12-31,2023-12-31,19128000000.0,18841000000.0,5443000000.0,4659000000.0,7813000000.0,18841000000.0,1.5232737115864339,16.827645417471558,-58.53192505705642
A,Common Stock,Agilent Technologies Inc,"Agilent Technologies, Inc. is a premier American company headquartered in Santa Clara, California, specializing in analytical instrumentation and life sciences solutions. Renowned for its innovative products and services, Agilent caters to diverse markets including scientific research, diagnostics, and quality control, thereby reinforcing its position as a vital contributor to the global analytical economy. The company's extensive portfolio encompasses cutting-edge instruments and software, enabling advancements in life sciences and applied chemical sectors. With a steadfast commitment to innovation and customer-centric strategies, Agilent is poised to meet the evolving needs of its clients across various industries, making it a compelling investment opportunity for institutional investors.",1090872,NYSE,USD,USA,HEALTHCARE,DIAGNOSTICS & RESEARCH,"5301 STEVENS CREEK BOULEVARD, SANTA CLARA, CA, UNITED STATES, 95051",https://www.agilent.com,2024-10-31,2023-10-31,6510000000.0,6833000000.0,1289000000.0,1240000000.0,3535000000.0,3465000000.0,-4.72705985657837,3.951612903225806,2.0202020202020203
APD,Common Stock,Air Products and Chemicals Inc,"Air Products and Chemicals, Inc. (Ticker: APD) is a leading global provider of industrial gases and chemicals, headquartered in Allentown, Pennsylvania. With a robust product portfolio that includes essential gases such as oxygen, nitrogen, and hydrogen, the company serves critical sectors including energy, healthcare, and manufacturing. Air Products is committed to sustainability and innovation, consistently advancing technologies that help reduce carbon emissions and enhance energy efficiency. The company’s strategic investments in clean energy solutions position it as a key player in the transition towards a more sustainable energy future, reinforcing its role in addressing global environmental challenges.",2969,NYSE,USD,USA,BASIC MATERIALS,SPECIALTY CHEMICALS,"1940 AIR PRODUCTS BOULEVARD, ALLENTOWN, PA, UNITED STATES, 18106-5500",https://www.airproducts.com,2025-09-30,2024-09-30,12037300000.0,12100600000.0,-394500000.0,3828200000.0,3781300000.0,3931900000.0,-0.5231145563029932,-110.30510422652944,-3.8302093135634174
ABNB,Common Stock,Airbnb Inc,"Airbnb, Inc. (ABNB) is a premier online marketplace headquartered in San Francisco, California, offering travelers access to a vast array of unique accommodations and experiences worldwide, from urban apartments to rural retreats. Founded in 2008, Airbnb has transformed the hospitality sector by prioritizing user experience through innovative technology while fostering community engagement and promoting local culture. As the company adapts to the post-pandemic travel landscape, it is strategically positioned to leverage rising demand for diverse travel experiences and continuously evolving consumer preferences. With its expansive global reach and commitment to enhancing guest and host relationships, Airbnb remains a key player in the redefined tourism and hospitality market.",1559720,NASDAQ,USD,USA,CONSUMER CYCLICAL,TRAVEL SERVICES,"888 BRANNAN STREET, SAN FRANCISCO, CA, UNITED STATES, 94103",https://www.airbnb.com,2024-12-31,2023-12-31,11102000000.0,9917000000.0,2648000000.0,4792000000.0,9224000000.0,8214000000.0,11.949178178884743,-44.74123539232053,12.296079863647432
AKAM,Common Stock,Akamai Technologies Inc,"Akamai Technologies, Inc. is a premier global provider of content delivery network (CDN) services, cybersecurity solutions, and cloud computing technologies, optimizing and securing digital experiences for its clients. By leveraging an extensive network of servers, Akamai enhances content delivery speed while safeguarding businesses against online threats, ensuring both performance and security. Serving a diverse range of industries, the company has established itself as a critical partner for enterprises navigating the intricacies of the digital landscape, with innovative solutions that address the evolving challenges of cloud services and cybersecurity. Akamai’s strategic partnerships and commitment to technological advancement reinforce its position as a leader in the rapidly growing data-centric economy.",1086222,NASDAQ,USD,USA,TECHNOLOGY,SOFTWARE - INFRASTRUCTURE,"145 BROADWAY, CAMBRIDGE, MA, UNITED STATES, 02142",https://www.akamai.com,2024-12-31,2023-12-31,3991168000.0,3811920000.0,504918000.0,547629000.0,2370375000.0,2300857000.0,4.702302251883565,-7.799258256958634,3.0213959407299105
ALB,Common Stock,Albemarle Corp,"Albemarle Corporation, based in Charlotte, North Carolina, is a prominent global leader in specialty chemicals, particularly renowned for its advancements in lithium, bromine, and refining catalysts. The company is strategically focused on sustainability, significantly contributing to the electric vehicle and energy storage sectors through its top-tier lithium compounds. With the accelerating shift toward clean energy technologies, Albemarle stands out as a compelling investment opportunity for institutional investors looking to engage in the burgeoning sustainable energy market. Its robust market position and commitment to innovation underscore its potential for long-term growth.",915913,NYSE,USD,USA,BASIC MATERIALS,SPECIALTY CHEMICALS,"4250 CONGRESS STREET, CHARLOTTE, NC, UNITED STATES, 28209",https://www.albemarle.com,2024-12-31,2023-12-31,5377526000.0,9617203000.0,-1179449000.0,1573476000.0,62539000.0,1185909000.0,-44.08430392911536,-174.9581817580948,-94.72649250490552
ARE,Common Stock,Alexandria Real Estate Equities Inc,"Alexandria Real Estate Equities, Inc. (ARE) is a premier real estate investment trust (REIT) focused on the acquisition, development, and management of high-quality office and laboratory spaces, predominantly catering to the life sciences and technology sectors. With a strategically located portfolio in vibrant innovation clusters, Alexandria is poised to capitalize on the increasing demand for advanced facilities that foster research and development. The company's strong emphasis on sustainability and innovative design not only distinguishes its properties but also aligns with the growing interest of institutional investors in the dynamic life sciences market.",1035443,NYSE,USD,USA,REAL ESTATE,REIT - OFFICE,"26 NORTH EUCLID AVENUE, PASADENA, CA, UNITED STATES, 91101-6104",https://www.are.com,2024-12-31,2023-12-31,3049706000.0,2842456000.0,322949000.0,103639000.0,2140441000.0,1983276000.0,7.291229837858528,211.60952923127394,7.924514792696528
ALGN,Common Stock,Align Technology Inc,"Align Technology Inc. is a premier provider of innovative dental solutions, best known for its transformative Invisalign clear aligners and cutting-edge 3D digital scanning technologies. Based in San Jose, California, the company is strategically positioned to capitalize on the increasing demand for discreet orthodontic options globally. With a strong emphasis on research and development, Align Technology is dedicated to refining its products and services, ensuring they remain at the forefront of orthodontic innovation while fostering long-term growth and solidifying its market leadership.",1097149,NASDAQ,USD,USA,HEALTHCARE,MEDICAL INSTRUMENTS & SUPPLIES,"410 NORTH SCOTTSDALE ROAD, TEMPE, AZ, UNITED STATES, 85288",https://www.aligntech.com,2024-12-31,2023-12-31,3999012000.0,3862260000.0,421362000.0,445053000.0,2799159000.0,2706863000.0,3.5407248605738606,-5.323186227258327,3.4097034094448073
ALLE,Common Stock,Allegion PLC,"Allegion PLC is a premier global provider of security solutions, headquartered in Dublin, Ireland, and notable for its strong foothold in North America and other markets. The company’s extensive product portfolio includes well-established brands such as Schlage, LCN, and Von Duprin, catering to both residential and commercial sectors. Emphasizing innovation and quality, Allegion is dedicated to advancing safety and security across various environments, leveraging strategic investments in product development and expansion efforts to drive sustained growth.",1579241,NYSE,USD,USA,INDUSTRIALS,SECURITY & PROTECTION SERVICES,"IVEAGH COURT, DUBLIN, IRELAND, D02 VH94",https://www.allegion.com,2024-12-31,2023-12-31,3772200000.0,3650800000.0,597500000.0,540400000.0,1668500000.0,1581500000.0,3.325298564698148,10.566247224278312,5.501106544419854
LNT,Common Stock,Alliant Energy Corp,"Alliant Energy Corporation (LNT), based in Madison, Wisconsin, is a leading public utility holding company that provides electricity and natural gas services to over 1.4 million customers in Iowa and Wisconsin. The company is committed to sustainability, actively investing in renewable energy projects that aim to significantly reduce carbon emissions and enhance energy efficiency. Its diversified energy portfolio, combined with strategic initiatives focused on innovation and infrastructure development, enables Alliant Energy to adapt to the changing energy landscape while ensuring reliable service delivery to its customers. This proactive approach positions the company favorably for long-term growth and resilience in a competitive market.",352541,NASDAQ,USD,USA,UTILITIES,UTILITIES - REGULATED ELECTRIC,"4902 NORTH BILTMORE LANE, MADISON, WI, UNITED STATES, 53718",https://www.alliantenergy.com,2024-12-31,2023-12-31,3981000000.0,4027000000.0,690000000.0,703000000.0,1780000000.0,1734000000.0,-1.1422895455674198,-1.849217638691323,2.6528258362168398
ALL,Common Stock,The Allstate Corporation,"The Allstate Corporation is a prominent American insurance provider based in Northfield Township, Illinois, offering a comprehensive suite of insurance solutions including auto, home, life, and commercial coverage. Renowned for its commitment to customer satisfaction, Allstate utilizes cutting-edge technology and data analytics to optimize risk evaluation and streamline claims processes, solidifying its position as a leader in the competitive insurance sector. The company boasts strong financial metrics and innovative product offerings designed to assist clients in effectively managing their risk exposure. With strategic initiatives focused on market expansion and sustainability, Allstate is well-equipped to navigate the evolving landscape of the insurance industry.",899051,NYSE,USD,USA,FINANCIAL SERVICES,INSURANCE - PROPERTY & CASUALTY,"3100 SANDERS ROAD, NORTHBROOK, IL, UNITED STATES, 60062",https://www.allstate.com,2024-12-31,2023-12-31,63515000000.0,56591000000.0,4667000000.0,-188000000.0,14500000000.0,7172000000.0,12.235161068014348,-2582.446808510638,102.17512548800893
GOOGL,Common Stock,Alphabet Inc Class A,"Alphabet Inc. (GOOGL) is a leading American multinational conglomerate based in Mountain View, California, established as the parent company of Google and its subsidiaries following a strategic restructuring in October 2015. As one of the world's largest technology companies by revenue, it operates in diverse segments including online advertising, cloud computing, consumer electronics, and artificial intelligence. Co-founders Larry Page and Sergey Brin continue to influence the company's strategic direction as controlling shareholders and board members. With a robust portfolio and a commitment to innovation, Alphabet remains at the forefront of tech advancements, driving significant market value and growth potential for institutional investors.",1652044,NASDAQ,USD,USA,COMMUNICATION SERVICES,INTERNET CONTENT & INFORMATION,"1600 AMPHITHEATRE PARKWAY, MOUNTAIN VIEW, CA, UNITED STATES, 94043",https://abc.xyz,2024-12-31,2023-12-31,350018000000.0,307394000000.0,100118000000.0,73795000000.0,203712000000.0,174062000000.0,13.866243322901553,35.67043837658378,17.03416024175294
GOOG,Common Stock,Alphabet Inc Class C,"Alphabet Inc. (GOOG) is a premier American multinational conglomerate headquartered in Mountain View, California, established in October 2015 as part of Google's corporate restructuring. As the parent company of Google and a diverse array of subsidiaries, Alphabet operates at the forefront of technology across key sectors, including search services, advertising, cloud computing, consumer electronics, and artificial intelligence. Renowned for its substantial revenue generation, the company plays a crucial role in the evolution of the global digital economy. With its co-founders actively involved in leadership, Alphabet is well-positioned to drive innovative solutions and expand its influence in emerging technology markets.",1652044,NASDAQ,USD,USA,COMMUNICATION SERVICES,INTERNET CONTENT & INFORMATION,"1600 AMPHITHEATRE PARKWAY, MOUNTAIN VIEW, CA, UNITED STATES, 94043",https://abc.xyz,2024-12-31,2023-12-31,350018000000.0,307394000000.0,100118000000.0,73795000000.0,203712000000.0,174062000000.0,13.866243322901553,35.67043837658378,17.03416024175294
MO,Common Stock,Altria Group,"Altria Group, Inc. is a prominent American tobacco company headquartered in Henrico County, Virginia, known for its extensive portfolio of iconic brands, including Marlboro and various smokeless products. As one of the largest producers and marketers of tobacco and nicotine products globally, Altria is actively transitioning towards reduced-risk alternatives, investing strategically in e-vapor and heated tobacco products. With a strong commitment to innovation, regulatory compliance, and sustainability, Altria is well-positioned to adapt to the dynamic landscape of the tobacco industry while addressing the growing consumer demand for less harmful options.",764180,NYSE,USD,USA,CONSUMER DEFENSIVE,TOBACCO,"6601 WEST BROAD STREET, RICHMOND, VA, UNITED STATES, 23230",https://www.altria.com,2024-12-31,2023-12-31,20444000000.0,24483000000.0,11264000000.0,8130000000.0,14367000000.0,14284000000.0,-16.49716129559286,38.54858548585486,0.5810697283674041
AMZN,Common Stock,Amazon.com Inc,"Amazon.com, Inc. is a leading American multinational technology company, widely recognized for its dominance in e-commerce, cloud computing via Amazon Web Services (AWS), and digital streaming. As a key player among the ""Big Five"" tech giants, Amazon's innovative approach and unwavering commitment to customer-centric solutions have established it as one of the world's most valuable brands. The company remains at the forefront of technological advancement, with strategic investments in artificial intelligence and logistics, positioning itself to leverage emerging market trends and further enhance its competitive edge in the rapidly evolving digital landscape.",1018724,NASDAQ,USD,USA,CONSUMER CYCLICAL,INTERNET RETAIL,"410 TERRY AVENUE NORTH, SEATTLE, WA, UNITED STATES, 98109-5210",https://www.aboutamazon.com,2024-12-31,2023-12-31,637959000000.0,574785000000.0,59248000000.0,30425000000.0,311671000000.0,270046000000.0,10.990892246666146,94.73459326211997,15.414040570865703
AMCR,Common Stock,Amcor PLC,"Amcor PLC is a premier global packaging leader headquartered in Australia, with a substantial presence in the United States and the UK. The company specializes in a broad range of flexible and rigid packaging solutions, catering to diverse sectors such as food, beverage, pharmaceuticals, and personal care. Committed to sustainability, Amcor prioritizes innovative packaging designs that not only extend product shelf life but also reduce environmental footprints. With its extensive portfolio and expertise, Amcor stands out as a crucial partner for brands aiming for high-quality packaging in a rapidly evolving market.",1748790,NYSE,USD,USA,CONSUMER CYCLICAL,PACKAGING & CONTAINERS,"THURGAUERSTRASSE 34, ZURICH, SWITZERLAND, 8050",https://www.amcor.com,2025-06-30,2024-06-30,15009000000.0,13640000000.0,511000000.0,730000000.0,2834000000.0,2712000000.0,10.036656891495602,-30.0,4.498525073746313
AEE,Common Stock,Ameren Corp,"Ameren Corporation (AEE) is a prominent utility holding company headquartered in St. Louis, Missouri, engaged in the generation, transmission, and distribution of electricity and natural gas across Missouri and Illinois. Established through the 1997 merger of Union Electric Company and Central Illinois Public Service Company, Ameren provides reliable energy services to millions of customers while prioritizing sustainable growth through innovative renewable energy initiatives. With a strong commitment to infrastructure modernization and clean energy advancements, Ameren is well-positioned to capitalize on emerging opportunities in the evolving energy landscape, driving long-term value for stakeholders.",1002910,NYSE,USD,USA,UTILITIES,UTILITIES - REGULATED ELECTRIC,"1901 CHOUTEAU AVENUE, SAINT LOUIS, MO, UNITED STATES, 63103",https://www.amereninvestors.com,2024-12-31,2023-12-31,7623000000.0,7500000000.0,1182000000.0,1152000000.0,3653000000.0,3467000000.0,1.6400000000000001,2.604166666666667,5.364868762618979
AEP,Common Stock,American Electric Power Co Inc,"American Electric Power Co Inc (AEP) is one of the largest investor-owned utilities in the U.S., providing electricity to more than five million customers in 11 states. The company boasts a diversified generation portfolio that incorporates a significant focus on renewable energy, aligning with its commitment to sustainable practices and regulatory compliance. AEP is actively modernizing its infrastructure and enhancing its clean energy initiatives, reflecting a proactive approach to meet rising demand and environmental standards. Through strategic investments and a commitment to operational efficiency, AEP is well-positioned for sustained growth in the transitioning energy market.",4904,NASDAQ,USD,USA,UTILITIES,UTILITIES - REGULATED ELECTRIC,"1 RIVERSIDE PLAZA, COLUMBUS, OH, UNITED STATES, 43215-2373",https://www.aep.com,2024-12-31,2023-12-31,19916500000.0,19381500000.0,2967100000.0,2208100000.0,6357000000.0,5624500000.0,2.7603642648917783,34.373443231737696,13.0233798559872
AXP,Common Stock,American Express Company,"American Express Company (AXP) is a premier global financial services provider, specializing in high-end charge and credit card offerings, as well as comprehensive travel and expense management services. Based in New York City, the company operates through three primary segments: Global Consumer Services, Global Commercial Services, and Global Merchant Services, effectively serving a wide range of clients from individuals to large enterprises. With a steadfast focus on innovation and superior customer experience, American Express utilizes cutting-edge technology to continually enhance its offerings and maintain a competitive edge in the financial landscape. Its strategic partnerships and vast merchant network further solidify its position as a leader in the industry.",4962,NYSE,USD,USA,FINANCIAL SERVICES,CREDIT SERVICES,"200 VESEY STREET, NEW YORK, NY, UNITED STATES, 10285",https://www.americanexpress.com,2024-12-31,2023-12-31,74201000000.0,67364000000.0,10129000000.0,8374000000.0,60764000000.0,55592000000.0,10.149337925301348,20.957726295677094,9.303496906029645
AIG,Common Stock,American International Group Inc,"American International Group, Inc. (AIG) is a prominent global finance and insurance corporation based in the United States, operating in over 80 countries. The company is structured into three main segments: General Insurance, which encompasses property and casualty insurance; Life & Retirement, which focuses on life insurance and retirement solutions; and a technology-driven subsidiary dedicated to enhancing insurance offerings. AIG emphasizes sustainable value creation for its clients and stakeholders while effectively addressing the complexities of a rapidly changing global market. With its extensive experience and commitment to innovation, AIG remains a vital contributor to the insurance sector, adapting to the evolving demands and risks faced by customers worldwide.",5272,NYSE,USD,USA,FINANCIAL SERVICES,INSURANCE - DIVERSIFIED,"1271 AVENUE OF THE AMERICAS, NEW YORK, NY, UNITED STATES, 10020",https://www.aig.com,2024-12-31,2023-12-31,27270000000.0,27959000000.0,-1404000000.0,3643000000.0,9278000000.0,4371000000.0,-2.46432275832469,-138.5396651111721,112.26264012811713
AMT,Common Stock,American Tower Corp,"American Tower Corporation (AMT) is a premier real estate investment trust (REIT) that specializes in the ownership and operation of a diverse portfolio of wireless and broadcast communications infrastructure across the globe. Headquartered in Boston, Massachusetts, AMT is pivotal in supporting the growing demand for mobile connectivity by providing critical assets like cellular towers to telecommunications companies and broadcasters. The company's strategic focus on expanding its international presence aligns with the accelerating evolution of communication technologies, positioning AMT as a valuable investment opportunity for institutional investors seeking growth in the dynamic telecommunications sector.",1053507,NYSE,USD,USA,REAL ESTATE,REIT - SPECIALTY,"116 HUNTINGTON AVENUE, BOSTON, MA, UNITED STATES, 02116-5749",https://www.americantower.com,2024-12-31,2023-12-31,10127200000.0,10012200000.0,2255000000.0,1483300000.0,7552800000.0,7450700000.0,1.1485987095743193,52.02588822220724,1.370341041781309
AWK,Common Stock,American Water Works,"American Water Works Company, Inc. (AWK) is the premier publicly traded water and wastewater utility in the United States, providing essential services to over 14 million people across 24 states and parts of Canada. With a strategic focus on sustainable water management and significant investments in modernizing infrastructure, AWK is adept at navigating regulatory frameworks and addressing the critical challenges of resource conservation and environmental resilience. The company's robust operational performance and commitment to delivering reliable service position it favorably for long-term growth and consistent dividend payouts, making it an appealing investment choice for institutional investors seeking stability in the essential utilities sector.",1410636,NYSE,USD,USA,UTILITIES,UTILITIES - REGULATED WATER,"1 WATER STREET, CAMDEN, NJ, UNITED STATES, 08102-1658",https://www.amwater.com,2024-12-31,2023-12-31,4684000000.0,4234000000.0,1051000000.0,944000000.0,2826000000.0,2514000000.0,10.628247520075579,11.334745762711865,12.410501193317423
AMP,Common Stock,Ameriprise Financial Inc,"Ameriprise Financial, Inc. (AMP) is a leading financial services firm headquartered in Minneapolis, Minnesota, recognized for its comprehensive wealth management and financial planning solutions. The company delivers a broad range of services, including asset management, insurance products, annuities, and estate planning, primarily serving individual and institutional clients. With an emphasis on personalized financial strategies and a commitment to excellence, Ameriprise leverages its deep market expertise to help clients achieve their financial objectives and enhance their long-term economic security. As a publicly traded entity, Ameriprise continues to strengthen its position in the financial sector through innovation and exceptional client service.",820027,NYSE,USD,USA,FINANCIAL SERVICES,ASSET MANAGEMENT,"1099 AMERIPRISE FINANCIAL CENTER, MINNEAPOLIS, MN, UNITED STATES, 55474",https://www.ameriprise.com,2024-12-31,2023-12-31,17264000000.0,15535000000.0,3401000000.0,2556000000.0,-991000000.0,-885000000.0,11.129707112970712,33.05946791862285,11.977401129943503
AME,Common Stock,Ametek Inc,"Ametek Inc. is a prominent global manufacturer of electronic instruments and electromechanical devices, headquartered in Berwyn, Pennsylvania. With over 220 manufacturing facilities worldwide, Ametek caters to diverse sectors including aerospace, power generation, and industrial applications. The company is distinguished by its commitment to innovation and a customer-centric business model, firmly establishing itself as a leader in advanced manufacturing. Ametek's strategic focus on operational excellence and its proactive approach to acquisitions bolster its strong growth trajectory amid a rapidly evolving market landscape.",1037868,NYSE,USD,USA,INDUSTRIALS,SPECIALTY INDUSTRIAL MACHINERY,"1100 CASSATT ROAD, BERWYN, PA, UNITED STATES, 19312-1177",https://www.ametek.com,2024-12-31,2023-12-31,6941180000.0,6596950000.0,1376124000.0,1313188000.0,2476467000.0,6596950000.0,5.218017417139738,4.792611568183687,-62.46042489332191
AMGN,Common Stock,Amgen Inc,"Amgen Inc. is a prominent multinational biopharmaceutical company headquartered in Thousand Oaks, California, renowned for its innovative therapies rooted in recombinant DNA technology. Specializing in oncology, nephrology, and inflammation, Amgen leverages its expertise in molecular biology to develop and commercialize biologic products that enhance patient outcomes. With a robust drug pipeline and a strong competitive position in the biotechnology sector, Amgen remains at the forefront of medical advancements, actively addressing global unmet medical needs and maintaining a commitment to improving the quality of life for patients worldwide.",318154,NASDAQ,USD,USA,HEALTHCARE,DRUG MANUFACTURERS - GENERAL,"ONE AMGEN CENTER DRIVE, THOUSAND OAKS, CA, UNITED STATES, 91320-1799",https://www.amgen.com,2024-12-31,2023-12-31,33424000000.0,28190000000.0,4090000000.0,6717000000.0,20566000000.0,19739000000.0,18.566867683575737,-39.10972160190561,4.189675262171336
APH,Common Stock,Amphenol Corporation,"Amphenol Corporation (APH) is a leading global provider of innovative interconnect solutions, specializing in the design and manufacturing of electronic and fiber optic connectors, cable assemblies, and interconnect systems for diverse sectors such as telecommunications, automotive, industrial, and military. With a strong emphasis on quality and technological advancement, Amphenol is strategically positioned to capitalize on the rising demand for sophisticated connectivity solutions amidst evolving market dynamics. The company's robust operational framework and commitment to innovation not only enhance its competitive edge but also support sustained revenue growth and long-term shareholder value.",820313,NYSE,USD,USA,TECHNOLOGY,ELECTRONIC COMPONENTS,"358 HALL AVENUE, WALLINGFORD, CT, UNITED STATES, 06492",https://www.amphenol.com,2024-12-31,2023-12-31,15222700000.0,12554700000.0,2424000000.0,1928000000.0,5139700000.0,4084100000.0,21.251005599496605,25.72614107883817,25.84657574496217
ADI,Common Stock,Analog Devices Inc,"Analog Devices, Inc. (ADI) is a prominent American multinational semiconductor firm headquartered in Wilmington, Massachusetts, recognized for its advanced solutions in data conversion, signal processing, and power management. Specializing in high-performance analog, mixed-signal, and digital signal processing integrated circuits, ADI caters to a variety of key sectors, including automotive, industrial, communications, and consumer electronics. With a steadfast commitment to innovation and precision technology, ADI has established itself as a vital contributor in the semiconductor industry, empowering its customers to enhance product performance and energy efficiency in an increasingly competitive market.",6281,NASDAQ,USD,USA,TECHNOLOGY,SEMICONDUCTORS,"ONE ANALOG WAY, WILMINGTON, MA, UNITED STATES, 01887",https://www.analog.com,2024-10-31,2023-10-31,9427157000.0,12305539000.0,1635273000.0,3314579000.0,5381343000.0,7877218000.0,-23.390946142220994,-50.664232169455005,-31.684726765210762
AON,Common Stock,Aon PLC,"Aon PLC is a premier global professional services firm that excels in delivering a diverse range of risk, retirement, and health solutions. Operating in over 120 countries, Aon leverages its robust data and analytics capabilities to provide customized strategies that effectively manage financial risks and enhance client performance. With a strong emphasis on innovation, the firm offers a comprehensive suite of services, including insurance brokerage, pension administration, and health benefit consultation. Aon's dedication to fostering client success and navigating complex market dynamics establishes it as a trusted advisor and partner in the pursuit of sustainable growth.",315293,NYSE,USD,USA,FINANCIAL SERVICES,INSURANCE BROKERS,"15 GEORGE'S QUAY, DUBLIN, IRELAND, D02 VR98",https://www.aon.com,2024-12-31,2023-12-31,15698000000.0,13376000000.0,2654000000.0,2564000000.0,7415000000.0,6474000000.0,17.35944976076555,3.5101404056162244,14.535063330244052
APA,Common Stock,APA Corporation,"APA Corporation is a prominent energy company focused on the exploration and production of oil and natural gas, with significant operations in the Permian Basin and the North Sea. Leveraging cutting-edge technologies, APA enhances resource extraction and operational efficiency while maintaining a strong commitment to sustainability and environmental stewardship. Headquartered in Houston, Texas, the company is strategically poised to navigate global energy market trends and demand variability, positioning itself as a key player in the transition towards a more sustainable energy future.",6769,NASDAQ,USD,USA,ENERGY,OIL & GAS E&P,"2000 W. SAM HOUSTON PKWY. S., HOUSTON, TX, UNITED STATES, 77042-3643",https://www.apacorp.com,2024-12-31,2023-12-31,9737000000.0,8279000000.0,804000000.0,2855000000.0,4302000000.0,4227000000.0,17.610822563111487,-71.83887915936953,1.7743080198722498
APO,Common Stock,Apollo Global Management LLC Class A,,1858681,NYSE,USD,USA,FINANCIAL SERVICES,ASSET MANAGEMENT,"9 WEST 57TH STREET, NEW YORK, NY, UNITED STATES, 10019",https://www.apollo.com/institutional/homepage,2024-12-31,2023-12-31,26114000000.0,32644000000.0,4426000000.0,5047000000.0,24974000000.0,29474000000.0,-20.003676020095575,-12.30433921141272,-15.267693560426137
AAPL,Common Stock,Apple Inc,"Apple Inc. is a leading American multinational technology company that specializes in innovative consumer electronics, software, and online services. With a record revenue of $274.5 billion in 2020, it holds the title of the world's most valuable publicly traded company and is a dominant force in the global technology landscape. Its flagship products, such as the iPhone, iPad, and Mac, have cemented its reputation as a trailblazer in the sector, positioning it as the fourth-largest PC vendor and smartphone manufacturer worldwide. As a cornerstone of the ""Big Five"" technology companies, Apple continues to set industry standards and drive advancements in technology and consumer engagement.",320193,NASDAQ,USD,USA,TECHNOLOGY,CONSUMER ELECTRONICS,"ONE APPLE PARK WAY, CUPERTINO, CA, UNITED STATES, 95014",https://www.apple.com,2025-09-30,2024-09-30,416161000000.0,391035000000.0,112010000000.0,93736000000.0,195201000000.0,180683000000.0,6.425511782832739,19.495177946573357,8.035066940442654
AMAT,Common Stock,Applied Materials Inc,"Applied Materials, Inc. (AMAT) is a premier global provider of equipment, services, and software integral to semiconductor manufacturing and advanced display technologies, headquartered in Santa Clara, California. The company addresses the evolving requirements of the electronics sector by facilitating the production of integrated circuit chips and flat panel displays, while also being a key player in solar energy solutions and flexible electronics. With a robust commitment to innovation and technology, Applied Materials is strategically positioned to benefit from the surging demand for high-performance electronic devices and sustainable energy alternatives, reinforcing its role as an industry leader.",6951,NASDAQ,USD,USA,TECHNOLOGY,SEMICONDUCTOR EQUIPMENT & MATERIALS,"3050 BOWERS AVENUE, SANTA CLARA, CA, UNITED STATES, 95052-8039",https://www.appliedmaterials.com,2024-10-31,2023-10-31,27176000000.0,26517000000.0,7177000000.0,6856000000.0,12897000000.0,12384000000.0,2.485198174755817,4.6820303383897315,4.142441860465116
APP,Common Stock,Applovin Corp,"AppLovin Corporation, based in Palo Alto, California, is a leading software platform that specializes in optimizing marketing and monetization strategies for mobile app developers globally. By leveraging cutting-edge technology and robust data analytics, AppLovin enhances app performance, enabling developers to expand their market reach and revenue potential. With a strong emphasis on innovation and a significant footprint in the mobile advertising sector, the company presents a compelling investment opportunity for institutional investors looking to capitalize on the burgeoning mobile app economy.",1751008,NASDAQ,USD,USA,COMMUNICATION SERVICES,ADVERTISING AGENCIES,"1100 PAGE MILL ROAD, PALO ALTO, CA, UNITED STATES, 94304",https://www.applovin.com,2024-12-31,2023-12-31,4709248000.0,3283087000.0,1579776000.0,356711000.0,3542442000.0,2223896000.0,43.43963470964979,342.8728017919268,59.28991283765068
APTV,Common Stock,Aptiv PLC,"Aptiv PLC is a prominent global technology company based in Dublin, Ireland, specializing in advanced mobility solutions tailored for the automotive sector. The firm is renowned for its cutting-edge electrical and electronic systems, robust software, and data services that significantly elevate vehicle safety, connectivity, and efficiency. As a leader in innovation, Aptiv is actively driving the shift towards sustainable and autonomous transportation, collaborating closely with major automotive manufacturers worldwide. Its strategic investments in emerging technologies and focus on smart vehicle solutions position Aptiv to effectively capitalize on the escalating demand within the rapidly evolving mobility landscape.",1521332,NYSE,USD,USA,CONSUMER CYCLICAL,AUTO PARTS,"SPITALSTRASSE 5, SCHAFFHAUSEN, SWITZERLAND, 8200",https://www.aptiv.com,2024-12-31,2023-12-31,19713000000.0,20051000000.0,1787000000.0,2909000000.0,3527000000.0,3439000000.0,-1.685701461273752,-38.56995531110347,2.558883396336144
ACGL,Common Stock,Arch Capital Group Ltd,"Arch Capital Group Ltd. (ACGL) is a leading global insurance and reinsurance provider headquartered in Pembroke, Bermuda, with a focus on delivering a wide range of customized insurance solutions such as property, casualty, and mortgage insurance. With its strong underwriting capabilities and innovative use of analytics, the company effectively addresses the evolving risk management demands of clients across the globe. Arch Capital Group maintains a robust capital position and is dedicated to responsible underwriting practices, which underpin its commitment to sustainable growth and enhancing shareholder value in the competitive insurance market.",947484,NASDAQ,USD,USA,FINANCIAL SERVICES,INSURANCE - DIVERSIFIED,"WATERLOO HOUSE, PEMBROKE, BERMUDA, HM 08",https://www.archgroup.com,2024-12-31,2023-12-31,16930000000.0,13294000000.0,4312000000.0,4443000000.0,5937000000.0,4736000000.0,27.35068451933203,-2.9484582489309026,25.3589527027027
ADM,Common Stock,Archer-Daniels-Midland Company,"Archer-Daniels-Midland Company (ADM) is a prominent global leader in the food processing and agricultural commodities sector, founded in 1902 and headquartered in Chicago, Illinois. Boasting an extensive operational network of over 270 processing facilities and 420 crop procurement locations, ADM specializes in transforming cereal grains and oilseeds into a wide array of products catering to diverse industries including food, beverage, nutraceutical, and animal nutrition. The company's strong logistical framework and commitment to sustainability not only enhance its competitive advantage but also position it to effectively address the growing global demand for food and agricultural resources, making ADM a compelling investment opportunity within the dynamic agri-business market.",7084,NYSE,USD,USA,CONSUMER DEFENSIVE,FARM PRODUCTS,"77 WEST WACKER DRIVE, CHICAGO, IL, UNITED STATES, 60601",https://www.adm.com,2024-12-31,2023-12-31,85530000000.0,93935000000.0,1800000000.0,3483000000.0,5778000000.0,7513000000.0,-8.947676584872518,-48.320413436692505,-23.09330493810728
ANET,Common Stock,Arista Networks,"Arista Networks, headquartered in Santa Clara, California, is a leading provider of software-defined networking (SDN) solutions, renowned for its high-performance, multilayer network switches tailored for large data centers, cloud environments, and high-frequency trading. The company's innovative approach and strong emphasis on technological advancement position it to effectively meet the growing demand for sophisticated networking infrastructure in an increasingly digital world. Arista's dedication to exceptional performance, scalability, and reliability underscores its strategic importance in the networking sector, making it an attractive investment for institutional investors aiming to capitalize on the digital transformation trend.",1596532,NYSE,USD,USA,TECHNOLOGY,COMPUTER HARDWARE,"5453 GREAT AMERICA PARKWAY, SANTA CLARA, CA, UNITED STATES, 95054",https://www.arista.com,2024-12-31,2023-12-31,7003146000.0,5860168000.0,2852054000.0,2087321000.0,4491303000.0,3630281000.0,19.504184862959562,36.63705774052002,23.717778320741562
AJG,Common Stock,Arthur J Gallagher & Co,"Arthur J. Gallagher & Co. (AJG) stands as a premier global insurance brokerage and risk management firm, based in Rolling Meadows, Illinois, and operating across North America, Europe, and the Asia-Pacific region. The company excels in providing customized risk management solutions to a wide array of clients, including businesses, governments, and institutions, and has achieved significant growth through both strategic acquisitions and organic initiatives. With a strong focus on service excellence and innovation, AJG has established itself as a trusted partner in the complex insurance ecosystem, enhancing its competitive edge in the market.",354190,NYSE,USD,USA,FINANCIAL SERVICES,INSURANCE BROKERS,"2850 GOLF ROAD, ROLLING MEADOWS, IL, UNITED STATES, 60008-4050",https://www.ajg.com,2024-12-31,2023-12-31,11554900000.0,10071900000.0,1462700000.0,969500000.0,4878300000.0,4245300000.0,14.72413348027681,50.87158329035585,14.91060702423857
AIZ,Common Stock,Assurant Inc,"Assurant, Inc. (AIZ) is a prominent global provider of risk management solutions, delivering a comprehensive suite of insurance products aimed at safeguarding clients and consumers across multiple sectors, including mobile devices, housing, and health. Based in New York City, the company is dedicated to innovation and customer satisfaction, utilizing its extensive expertise to develop customized solutions that meet the dynamic needs of its clients. Assurant's strategic focus on partnership and adaptability positions it as a reliable leader in the insurance market, capable of navigating the complexities of contemporary risk management.",1267238,NYSE,USD,USA,FINANCIAL SERVICES,INSURANCE - PROPERTY & CASUALTY,"260 INTERSTATE NORTH CIRCLE SE, ATLANTA, GA, UNITED STATES, 30339-2210",https://www.assurant.com,2024-12-31,2023-12-31,11877500000.0,11131600000.0,760200000.0,642500000.0,9111000000.0,8609800000.0,6.700743828380467,18.31906614785992,5.82127343260006
T,Common Stock,AT&T Inc,"AT&T Inc. is a leading American multinational conglomerate headquartered in Dallas, Texas, and is recognized as the world's largest telecommunications company by revenue. The company operates a diverse portfolio of telecommunications services, including mobile and fixed-line communication, broadband, and digital entertainment, making it a key player in the global connectivity sector. With a robust 5G network rollout and investments in innovative technologies, AT&T is positioned to enhance its service offerings and drive future growth, catering to both consumer and business markets. The company focuses on delivering substantial value to its shareholders through a combination of consistent cash flow generation and dividend payments.",732717,NYSE,USD,USA,COMMUNICATION SERVICES,TELECOM SERVICES,"208 SOUTH AKARD STREET, DALLAS, TX, UNITED STATES, 75202",https://www.att.com,2024-12-31,2023-12-31,122336000000.0,122428000000.0,10948000000.0,14400000000.0,52535000000.0,53528000000.0,-0.07514620838370308,-23.97222222222222,-1.85510387087132
ATO,Common Stock,Atmos Energy Corporation,"Atmos Energy Corporation, headquartered in Dallas, Texas, is a premier natural gas distribution utility serving over three million customers across eight states. Renowned for its commitment to safety, reliability, and sustainability, the company is pivotal in providing clean energy solutions while investing in infrastructure enhancements and innovative technologies. Atmos Energy places a strong emphasis on customer service and community involvement, reinforcing its reputation as a trusted energy provider. With a robust financial position and a strategic focus on growth, Atmos Energy is well-equipped to navigate the dynamic energy sector and meet future challenges.",731802,NYSE,USD,USA,UTILITIES,UTILITIES - REGULATED GAS,"1800 THREE LINCOLN CENTRE, DALLAS, TX, UNITED STATES, 75240",https://www.atmosenergy.com,2024-09-30,2023-09-30,4165187000.0,4275357000.0,1042895000.0,885320000.0,2412357000.0,2058278000.0,-2.5768608329082223,17.798649076040302,17.202681076122854
ADSK,Common Stock,Autodesk Inc,"Autodesk, Inc. (Ticker: ADSK) is a premier American software provider, recognized for its cutting-edge design and engineering software across diverse sectors, including architecture, engineering, construction, and manufacturing. Headquartered in San Rafael, California, Autodesk boasts a robust portfolio of industry-leading products, such as AutoCAD and Revit, alongside innovative cloud-based solutions that promote enhanced collaboration and streamlined workflows. Committed to sustainability and driving digital transformation, Autodesk positions itself as a vital partner for professionals seeking to optimize productivity and achieve superior project outcomes.",769397,NASDAQ,USD,USA,TECHNOLOGY,SOFTWARE - APPLICATION,"ONE MARKET STREET, SAN FRANCISCO, CA, UNITED STATES, 94105",https://www.autodesk.com,2025-01-31,2024-01-31,6131000000.0,5440000000.0,1112000000.0,906000000.0,5553000000.0,4887000000.0,12.70220588235294,22.737306843267106,13.627992633517497
ADP,Common Stock,Automatic Data Processing Inc,"Automatic Data Processing, Inc. (ADP) is a premier provider of human capital management (HCM) solutions, delivering an extensive range of software and services that enhance payroll, talent management, and compliance across various business sectors. With its state-of-the-art cloud-based technology and advanced analytics capabilities, ADP enables organizations to significantly improve workforce productivity and streamline HR operations. Boasting decades of industry expertise, ADP remains a trusted partner for businesses seeking to navigate the complexities of workforce management and drive operational efficiency in a dynamic market landscape.",8670,NASDAQ,USD,USA,TECHNOLOGY,SOFTWARE - APPLICATION,"ONE ADP BOULEVARD, ROSELAND, NJ, UNITED STATES, 07068",https://www.adp.com,2025-06-30,2024-06-30,20560900000.0,19202600000.0,4079700000.0,3752000000.0,10452200000.0,9590600000.0,7.073521293991439,8.734008528784647,8.983796634204325
AZO,Common Stock,AutoZone Inc,"AutoZone, Inc. (AZO) is the premier retailer of aftermarket automotive parts and accessories in the United States, serving both do-it-yourself consumers and commercial customers through its extensive network of over 6,600 locations. The company excels in its comprehensive range of auto parts, tools, and services, bolstered by a commitment to exceptional customer service and efficient product availability. AutoZone has consistently delivered strong financial results, underpinned by its robust supply chain and advanced technology, which enable it to enhance customer experiences and drive continued growth in the competitive automotive aftermarket sector. As a dominant player in the industry, AutoZone is well-positioned to capitalize on emerging market opportunities.",866787,NYSE,USD,USA,CONSUMER CYCLICAL,AUTO PARTS,"123 SOUTH FRONT STREET, MEMPHIS, TN, UNITED STATES, 38103",https://www.autozone.com,2025-08-31,2024-08-31,18938717000.0,18490268000.0,2498247000.0,2662427000.0,9966474000.0,9817052000.0,2.425324500434499,-6.1665540501204354,1.5220658910638345
AVB,Common Stock,AvalonBay Communities Inc,"AvalonBay Communities, Inc. (AVB) is a premier publicly traded real estate investment trust (REIT) that excels in the development, acquisition, and management of high-quality apartment communities throughout the United States. With a strategic focus on urban and suburban markets, AvalonBay prioritizes sustainable growth and tenant satisfaction, supported by its deep industry knowledge and operational acumen. The company is dedicated to maximizing shareholder value through disciplined capital allocation and strategic partnerships, establishing itself as an influential player in the multifamily housing sector amid a dynamic real estate landscape.",915912,NYSE,USD,USA,REAL ESTATE,REIT - RESIDENTIAL,"4040 WILSON BOULEVARD, SUITE 1000, ARLINGTON, VA, UNITED STATES, 22203-2120",https://www.avalonbay.com,2024-12-31,2023-12-31,2913757000.0,2767909000.0,1081994000.0,928825000.0,1840300000.0,1779777000.0,5.269248374856255,16.49061986918957,3.400594568870145
AVY,Common Stock,Avery Dennison Corp,"Avery Dennison Corporation (AVY), headquartered in Glendale, California, is a global leader in the production and distribution of pressure-sensitive adhesive materials, including self-adhesive labels, apparel branding tags, RFID inlays, and specialized medical products. The company serves a broad spectrum of industries worldwide, driven by a strong focus on innovation and sustainability, which positions it to meet evolving customer demands and capitalize on growth opportunities in the packaging and labeling sectors. With its commitment to operational excellence, Avery Dennison is strategically aligned to enhance its market presence and deliver value to its stakeholders.",8818,NYSE,USD,USA,CONSUMER CYCLICAL,PACKAGING & CONTAINERS,"8080 NORTON PARKWAY, MENTOR, OH, UNITED STATES, 44060",https://www.averydennison.com,2024-12-31,2023-12-31,8755700000.0,8364299999.0,704900000.0,503000000.0,2527500000.0,2274100000.0,4.679411320096053,40.139165009940356,11.142869706697155
AXON,Common Stock,Axon Enterprise Inc.,"Axon Enterprise, Inc. is a pioneering leader in public safety technology, renowned for its innovative development and manufacturing of advanced conducted energy weapons, particularly the TASER brand. Headquartered in Scottsdale, Arizona, Axon offers a comprehensive portfolio that not only includes traditional law enforcement tools but also cutting-edge solutions such as body-worn cameras, digital evidence management systems, and AI-driven analytical software. With a steadfast commitment to enhancing officer safety and promoting public transparency, Axon is strategically positioned to meet the dynamic and evolving needs of law enforcement agencies globally, ultimately driving significant advancements in public safety infrastructure.",1069183,NASDAQ,USD,USA,INDUSTRIALS,AEROSPACE & DEFENSE,"17800 NORTH 85TH STREET, SCOTTSDALE, AZ, UNITED STATES, 85255",https://www.axon.com,2024-12-31,2023-12-31,2082526000.0,1560699000.0,377034000.0,175783000.0,1241380000.0,955453000.0,33.435467056748294,114.48831798296763,29.925804827657664
BKR,Common Stock,Baker Hughes Co,"Baker Hughes Company (BKR) is a prominent American industrial service firm headquartered in Houston, Texas, with a strong presence in the global oilfield services market. The company provides cutting-edge technologies and comprehensive services across the oil and gas value chain, including drilling, formation evaluation, completion, production, and reservoir consulting. Baker Hughes is increasingly focused on the energy transition, harnessing its extensive expertise to deliver both traditional and sustainable energy solutions, thereby positioning itself as a vital partner in the evolving energy landscape. As a leader in innovation, BKR is well-equipped to navigate industry challenges while driving efficiency and sustainability in energy production.",1701605,NASDAQ,USD,USA,ENERGY,OIL & GAS EQUIPMENT & SERVICES,"575 NORTH DAIRY ASHFORD ROAD, HOUSTON, TX, UNITED STATES, 77079-1121",https://www.bakerhughes.com,2024-12-31,2023-12-31,27829000000.0,25506000000.0,2979000000.0,1943000000.0,5840000000.0,5251000000.0,9.107660942523328,53.319608852290266,11.216911064559131
BALL,Common Stock,Ball Corporation,"Ball Corporation is a leading manufacturer of sustainable aluminum packaging solutions, serving key markets including beverages, personal care, and household products. Headquartered in Westminster, Colorado, the company operates globally with advanced facilities across the United States, Brazil, and other regions. With a strong commitment to innovation and environmental responsibility, Ball Corporation is at the forefront of the transition to a circular economy, focusing on waste reduction and improving recyclability. This strategic approach not only addresses growing consumer demand for sustainability but also positions Ball Corporation as a strong growth prospect in the packaging industry, making it an attractive investment for institutional investors looking to support eco-friendly initiatives.",9389,NYSE,USD,USA,CONSUMER CYCLICAL,PACKAGING & CONTAINERS,"9200 WEST 108TH CIRCLE, WESTMINSTER, CO, UNITED STATES, 80021",https://www.ball.com,2024-12-31,2023-12-31,11795000000.0,14029000000.0,4008000000.0,707000000.0,2441000000.0,2670000000.0,-15.924157103143488,466.90240452616695,-8.576779026217228
BAC,Common Stock,Bank of America Corp,"Bank of America Corporation is a leading American multinational investment bank and financial services holding company, headquartered in Charlotte, North Carolina. As the second-largest banking institution in the United States and the eighth largest globally, it serves a wide array of clients through its comprehensive suite of services, which includes commercial banking, wealth management, and investment banking. With approximately 10% of U.S. bank deposits under its management, Bank of America maintains a robust competitive position within the financial services sector, standing alongside industry giants such as JPMorgan Chase, Citigroup, and Wells Fargo, and solidifying its status as a key player among the Big Four banks in the United States.",70858,NYSE,USD,USA,FINANCIAL SERVICES,BANKS - DIVERSIFIED,"BANK OF AMERICA CORPORATE CENTER, CHARLOTTE, NC, UNITED STATES, 28255",https://www.bankofamerica.com,2024-12-31,2023-12-31,192434000000.0,98581000000.0,27132000000.0,26515000000.0,96066000000.0,94187000000.0,95.20394396486138,2.3269847256270038,1.9949674583541255
BAX,Common Stock,Baxter International Inc,"Baxter International Inc. is a leading American multinational healthcare company headquartered in Deerfield, Illinois, focused on enhancing patient outcomes through innovative medical technologies. Specializing in critical therapies for hemophilia, kidney disease, and immune disorders, Baxter offers a comprehensive portfolio aimed at addressing both chronic and acute medical conditions. With a strong commitment to quality and patient-centric solutions, the company is well-equipped to navigate the complexities of the global healthcare landscape, positioning itself for sustained growth and impact in the industry.",10456,NYSE,USD,USA,HEALTHCARE,MEDICAL INSTRUMENTS & SUPPLIES,"ONE BAXTER PARKWAY, DEERFIELD, IL, UNITED STATES, 60015",https://www.baxter.com,2024-12-31,2023-12-31,10636000000.0,10360000000.0,-649000000.0,2656000000.0,3984000000.0,4150000000.0,2.664092664092664,-124.43524096385543,-4.0
BDX,Common Stock,Becton Dickinson and Company,"Becton, Dickinson and Company (BDX) is a leading American multinational medical technology company renowned for its development and production of critical medical devices, instrument systems, and reagents that significantly improve global healthcare outcomes. With a diversified portfolio that supports a wide array of diagnostic and therapeutic procedures, BDX effectively addresses the evolving needs of the healthcare community while providing analytical and consulting services to enhance its operational footprint. Driven by a robust commitment to innovation, underscored by considerable investments in research and development, BDX is poised to capitalize on emerging trends in the medical technology sector, solidifying its position as a key player in advancing healthcare solutions.",10795,NYSE,USD,USA,HEALTHCARE,MEDICAL INSTRUMENTS & SUPPLIES,"1 BECTON DRIVE, FRANKLIN LAKES, NJ, UNITED STATES, 07417-1880",https://www.bd.com,2025-09-30,2024-09-30,21839000000.0,20178000000.0,1678000000.0,1705000000.0,9924000000.0,9125000000.0,8.231737535930222,-1.5835777126099706,8.756164383561643
BRK-B,Common Stock,Berkshire Hathaway Inc,"Berkshire Hathaway Inc. is a leading American multinational conglomerate holding company headquartered in Omaha, Nebraska, distinguished by its diverse portfolio encompassing wholly owned businesses such as GEICO, Dairy Queen, and BNSF Railway, along with significant minority investments in prominent firms like Apple, Bank of America, and Coca-Cola. Guided by the investment acumen of Warren Buffett, the company has exhibited impressive financial resilience and growth, leveraging a disciplined approach to acquisitions that aligns with its long-term value creation strategy. As a result, Berkshire Hathaway represents an attractive opportunity for institutional investors seeking stability and consistent returns amidst fluctuating market conditions.",1067983,NYSE,USD,USA,FINANCIAL SERVICES,INSURANCE - DIVERSIFIED,"3555 FARNAM STREET, OMAHA, NE, UNITED STATES, 68131",https://www.berkshirehathaway.com,2024-12-31,2023-12-31,371433000000.0,364482000000.0,88995000000.0,96223000000.0,86578000000.0,70946000000.0,1.9070900620606779,-7.5117175727216985,22.03365940292617
BBY,Common Stock,Best Buy Co. Inc,"Best Buy Co., Inc. (BBY) is a leading American multinational retailer based in Richfield, Minnesota, focusing on consumer electronics, appliances, and technology services. With a dual-channel strategy that combines robust physical stores with a strong online platform, Best Buy has adeptly navigated the evolving retail landscape while enhancing the customer experience through personalized services and innovative solutions. The company's strong financial metrics, commitment to sustainability, and adeptness at embracing technological advancements position it as an attractive investment for institutional investors seeking exposure in the technology retail sector.",764478,NYSE,USD,USA,CONSUMER CYCLICAL,SPECIALTY RETAIL,"7601 PENN AVENUE SOUTH, RICHFIELD, MN, UNITED STATES, 55423",https://bestbuy.com,2025-01-31,2024-01-31,41528000000.0,43452000000.0,927000000.0,1241000000.0,9385000000.0,9603000000.0,-4.42787443615944,-25.302175664786464,-2.2701239196084555
TECH,Common Stock,Bio-Techne Corp,"Bio-Techne Corporation (Ticker: TECH) is a premier global provider of high-quality life science reagents, instruments, and services, with a strong focus on clinical diagnostics and research applications. Based in Minneapolis, Minnesota, the company utilizes cutting-edge technologies to drive innovation across key areas such as genomics, proteomics, and cellular analysis. Bio-Techne supports a wide range of clients, including academic institutions, pharmaceutical companies, and clinical laboratories, thereby positioning itself as a pivotal contributor to advancements in scientific research and diagnostic solutions on a global scale.",842023,NASDAQ,USD,USA,HEALTHCARE,BIOTECHNOLOGY,"614 MCKINLEY PLACE N.E., MINNEAPOLIS, MN, UNITED STATES, 55413",https://www.bio-techne.com,2025-06-30,2024-06-30,1219635000.0,1159060000.0,73400000.0,168105000.0,790272000.0,769725000.0,5.226217797180474,-56.336813301210555,2.669394913767904
BIIB,Common Stock,Biogen Inc,"Biogen Inc. is a premier American biotechnology company headquartered in Cambridge, Massachusetts, specializing in the discovery and development of transformative therapies for neurological disorders. With a robust pipeline targeting critical conditions like multiple sclerosis, Alzheimer's disease, and spinal muscular atrophy, Biogen is at the forefront of addressing significant unmet medical needs. The company is dedicated to advancing therapeutic innovation and enhancing patient outcomes through strategic collaborations and a strong commitment to scientific research, solidifying its position as a leader in the biotechnology sector.",875045,NASDAQ,USD,USA,HEALTHCARE,DRUG MANUFACTURERS - GENERAL,"225 BINNEY STREET, CAMBRIDGE, MA, UNITED STATES, 02142",https://www.biogen.com,2024-12-31,2023-12-31,9675900000.0,9835600000.0,1632200000.0,1161100000.0,7365500000.0,7302200000.0,-1.6236935214933506,40.573594005684264,0.8668620415765111
BLK,Common Stock,BlackRock Inc,"BlackRock, Inc. is the world's largest asset management firm, headquartered in New York City, with a robust portfolio management and investment advisory service expertise. Managing trillions of dollars in assets for both institutional and retail clients globally, BlackRock offers a comprehensive array of investment solutions, including equities, fixed income, and alternatives. The firm utilizes its advanced Aladdin technology platform to enhance investment decision-making and risk assessment, positioning itself at the forefront of the investment management industry. Furthermore, BlackRock is dedicated to sustainable investing, actively incorporating environmental, social, and governance (ESG) considerations into its investment strategies, aligning with the evolving priorities of investors.",2012383,NYSE,USD,USA,FINANCIAL SERVICES,ASSET MANAGEMENT,"50 HUDSON YARDS, NEW YORK, NY, UNITED STATES, 10001",https://www.blackrock.com,2024-12-31,2023-12-31,20407000000.0,17859000000.0,6369000000.0,5502000000.0,10086000000.0,8582000000.0,14.267316199115292,15.757906215921484,17.525052435329762
BX,Common Stock,Blackstone Group Inc,"Blackstone Group Inc. (BX) is a premier global alternative asset management firm, distinguished by its vast expertise in private equity, real estate, credit, and hedge fund strategies. Based in New York City and strategically located across Asia, Europe, and North America, Blackstone manages a diversified portfolio of assets that spans multiple sectors and regions. The firm's disciplined investment approach and proven track record of delivering compelling returns have garnered the trust of a wide array of clients, including sovereigns, pension funds, and high-net-worth individuals, solidifying its position as a leader in the alternative investment arena.",1393818,NYSE,USD,USA,FINANCIAL SERVICES,ASSET MANAGEMENT,"345 PARK AVENUE, NEW YORK, NY, UNITED STATES, 10154",https://www.blackstone.com,2024-12-31,2023-12-31,11374228000.0,7438517000.0,2776508000.0,1390880000.0,10930540000.0,7006649000.0,52.90988781769269,99.62239733118601,56.002391442756725
XYZ,Common Stock,"Block, Inc","Block, Inc. is a leading financial technology company based in Oakland, California, recognized for its extensive suite of integrated commerce and payment solutions. The firm specializes in innovative payment technologies, cryptocurrency services, and data analytics, aimed at streamlining transactions for a diverse customer base. Committed to promoting financial inclusion, Block strives to empower businesses and enhance consumer experiences in the rapidly evolving digital economy. By continuously enhancing its platform, the company positions itself as a pivotal player in fostering global financial accessibility and adapting to the dynamic needs of its customers.",1512673,NYSE,USD,USA,TECHNOLOGY,SOFTWARE - INFRASTRUCTURE,"1955 BROADWAY, OAKLAND, CA, UNITED STATES, 94612",https://www.block.xyz,2024-12-31,2023-12-31,24121053000.0,21915623000.0,2897047000.0,9772000.0,8889036000.0,7330842000.0,10.06327769007525,29546.408104789192,21.255321012238433
BK,Common Stock,The Bank of New York Mellon Corporation,"The Bank of New York Mellon Corporation (BK) is a premier global investments firm, delivering a wide range of investment management, investment services, and wealth management solutions to both institutional and individual clients. With its roots extending back to 1784, BNY Mellon has established itself as a trusted steward of over $45 trillion in assets, utilizing cutting-edge technology and deep industry expertise to provide unparalleled asset management and protection. Headquartered in New York City and operating across more than 35 countries, the company is well-positioned to navigate the complexities of the financial landscape and address the dynamic needs of its diverse clientele.",1390777,NYSE,USD,USA,FINANCIAL SERVICES,BANKS - DIVERSIFIED,"240 GREENWICH STREET, NEW YORK, NY, UNITED STATES, 10286",https://www.bny.com,2024-12-31,2023-12-31,39553000000.0,33791000000.0,4530000000.0,3302000000.0,18188000000.0,17369000000.0,17.05187771891924,37.18958207147183,4.715297368875583
BA,Common Stock,The Boeing Company,"The Boeing Company (NYSE: BA) is a premier global aerospace leader, specializing in the design, manufacture, and sale of commercial aircraft, defense systems, rotorcraft, and space technologies. Renowned for its commitment to innovation and excellence, Boeing also provides advanced leasing and product support services to a varied clientele worldwide. The company's strategic focus on sustainability and technological advancement positions it favorably for future growth, underscoring its pivotal role in the evolution of the aerospace and defense industries. As a trusted partner for governments and enterprises alike, Boeing is dedicated to delivering cutting-edge solutions that meet the demands of an ever-evolving market landscape.",12927,NYSE,USD,USA,INDUSTRIALS,AEROSPACE & DEFENSE,"929 LONG BRIDGE DRIVE, ARLINGTON, VA, UNITED STATES, 22202-4208",https://www.boeing.com,2024-12-31,2023-12-31,66518000000.0,77794000000.0,-11817000000.0,-2222000000.0,-1958000000.0,7724000000.0,-14.494691107283339,431.8181818181818,-125.3495598135681
BKNG,Common Stock,Booking Holdings Inc,"Booking Holdings Inc. is a premier American travel technology company based in Norwalk, Connecticut, renowned for its powerful suite of online travel fare aggregators and metasearch engines. The company operates a diverse portfolio of brands including Booking.com, Priceline.com, Agoda.com, and Kayak.com, solidifying its leadership in the global travel market. By prioritizing innovation and leveraging data-driven insights, Booking Holdings enhances customer experiences across a wide array of travel services. With a steadfast commitment to transforming the travel industry through technology, the company consistently delivers robust financial performance amid a dynamic and competitive environment.",1075531,NASDAQ,USD,USA,CONSUMER CYCLICAL,TRAVEL SERVICES,"800 CONNECTICUT AVENUE, NORWALK, CT, UNITED STATES, 06854",https://www.bookingholdings.com,2024-12-31,2023-12-31,23739000000.0,21365000000.0,5882000000.0,4289000000.0,23739000000.0,21365000000.0,11.111631172478353,37.14152483096293,11.111631172478353
BSX,Common Stock,Boston Scientific Corp,"Boston Scientific Corporation (BSX) is a leading global medical device manufacturer that specializes in providing innovative solutions across key medical specialties, including cardiology, neuromodulation, and oncology. With a strong emphasis on research and development, the company is dedicated to enhancing patient outcomes through cutting-edge technology and strategic collaborations. Boston Scientific's extensive portfolio and commitment to advancing healthcare innovation position it to effectively address the evolving challenges within the healthcare sector, ultimately improving the quality of care for patients on a global scale.",885725,NYSE,USD,USA,HEALTHCARE,MEDICAL DEVICES,"300 BOSTON SCIENTIFIC WAY, MARLBOROUGH, MA, UNITED STATES, 01752-1234",https://www.bostonscientific.com,2024-12-31,2023-12-31,16747000000.0,14240000000.0,1854000000.0,1593000000.0,10267000000.0,8831000000.0,17.605337078651687,16.38418079096045,16.260899105424073
BMY,Common Stock,Bristol-Myers Squibb Company,"Bristol-Myers Squibb Company (BMY) is a prominent global biopharmaceutical leader headquartered in New York City, renowned for its innovation in the discovery and delivery of transformative medicines. With a strategic focus on key therapeutic areas such as oncology, cardiovascular disease, immunology, and hematology, the company boasts a diverse portfolio that includes several well-established, market-leading therapies. BMS's dedication to addressing significant unmet medical needs, coupled with a robust development pipeline and strategic collaborations, positions it advantageously within the competitive pharmaceutical landscape. The company's ongoing commitment to advancing healthcare through cutting-edge research and development underscores its potential for sustained growth and impact in the biopharmaceutical sector.",14272,NYSE,USD,USA,HEALTHCARE,DRUG MANUFACTURERS - GENERAL,"ROUTE 206 & PROVINCE LINE ROAD, PRINCETON, NJ, UNITED STATES, 08543",https://www.bms.com,2024-12-31,2023-12-31,48300000000.0,45006000000.0,-8948000000.0,8025000000.0,27432000000.0,25357000000.0,7.319024130115985,-211.50155763239877,8.183144693772922
AVGO,Common Stock,Broadcom Inc,"Broadcom Inc. is a leading American technology company specializing in semiconductor and infrastructure software solutions, catering to essential sectors such as data centers, networking, broadband, wireless, and storage. Renowned for its innovative products, Broadcom plays a critical role in enhancing connectivity and data processing, driving digital transformation across various industries. With a robust strategy centered on growth through acquisitions and significant investments in research and development, the company is well-positioned to capitalize on emerging technologies, including 5G, cloud computing, and the Internet of Things (IoT). As a key player in the global semiconductor landscape, Broadcom is poised for continued success in an increasingly interconnected world.",1730168,NASDAQ,USD,USA,TECHNOLOGY,SEMICONDUCTORS,"3421 HILLVIEW AVE, PALO ALTO, CA, UNITED STATES, 94304",https://www.broadcom.com,2024-10-31,2023-10-31,51574000000.0,35819000000.0,5895000000.0,14082000000.0,32509000000.0,24690000000.0,43.98503587481504,-58.13804857264593,31.66869177804779
BR,Common Stock,Broadridge Financial Solutions Inc,"Broadridge Financial Solutions Inc. (BR) is a premier provider of technology-enabled services for the financial services sector, focusing on investor communications and securities processing. Established in 2007 as a spinoff from Automatic Data Processing, the company has developed a robust portfolio that includes critical functions such as proxy voting, shareholder communications, and regulatory compliance for public companies. With a commitment to innovation and operational efficiency, Broadridge is well-positioned to leverage the accelerating demand for digital transformation in the financial industry, presenting a compelling opportunity for institutional investors looking to engage in a dynamic market environment.",1383312,NYSE,USD,USA,TECHNOLOGY,INFORMATION TECHNOLOGY SERVICES,"5 DAKOTA DRIVE, LAKE SUCCESS, NY, UNITED STATES, 11042",https://www.broadridge.com,2025-06-30,2024-06-30,6889100000.0,6506800000.0,839500000.0,698100000.0,2136800000.0,1933900000.0,5.875391897707014,20.254977796877238,10.491752417394903
BRO,Common Stock,Brown & Brown Inc,"Brown & Brown, Inc. is a leading insurance brokerage firm based in Daytona Beach, Florida, offering a comprehensive suite of insurance products and services both domestically and internationally, including markets in Bermuda, Canada, the Cayman Islands, Ireland, and the United Kingdom. With a strong network of independent agents, the company emphasizes innovation in insurance solutions, enabling it to effectively navigate market dynamics and meet diverse customer needs. Brown & Brown's strategic focus on growth through acquisitions and its solid operational performance reinforce its prominent position within the competitive insurance industry, positioning it well for continued success.",79282,NYSE,USD,USA,FINANCIAL SERVICES,INSURANCE BROKERS,"300 NORTH BEACH STREET, DAYTONA BEACH, FL, UNITED STATES, 32114",https://www.bbrown.com,2024-12-31,2023-12-31,4705000000.0,4257100000.0,993000000.0,870500000.0,2299000000.0,1420600000.0,10.521246858189848,14.072372199885125,61.833028297902295
BF-B,Common Stock,Brown-Forman Corporation,"Brown-Forman Corporation (Ticker: BF-B), headquartered in Louisville, Kentucky, stands as a prominent leader in the global spirits and wine industry. Known for its distinguished brands including Jack Daniel's, Woodford Reserve, and Finlandia, the company boasts over 150 years of heritage and a robust market presence driven by a commitment to quality, innovation, and effective distribution strategies. Brown-Forman's dedication to sustainability and community engagement further strengthens its reputation, positioning it as an appealing investment for institutional investors looking for growth opportunities within the dynamic beverage sector.",14693,NYSE,USD,USA,CONSUMER DEFENSIVE,BEVERAGES - WINERIES & DISTILLERIES,"850 DIXIE HIGHWAY, LOUISVILLE, KY, UNITED STATES, 40210",https://www.brown-forman.com,2025-04-30,2024-04-30,3975000000.0,4178000000.0,869000000.0,1024000000.0,2343000000.0,2526000000.0,-4.858784107228339,-15.13671875,-7.244655581947744
BLDR,Common Stock,Builders FirstSource Inc,"Builders FirstSource, Inc. (BLDR) is a premier manufacturer and supplier of building materials and components, primarily catering to professional home builders, subcontractors, and remodelers across the United States. With its headquarters in Dallas, Texas, the company is integral to the construction supply chain, providing a vast array of products and services to support both residential and commercial markets. Builders FirstSource emphasizes operational efficiency and customer satisfaction, positioning itself strongly to leverage growth opportunities in the evolving construction landscape and respond effectively to emerging housing trends.",1316835,NYSE,USD,USA,INDUSTRIALS,BUILDING PRODUCTS & EQUIPMENT,"6031 CONNECTION DRIVE, IRVING, TX, UNITED STATES, 75039",https://www.bldr.com,2024-12-31,2023-12-31,16400492000.0,17097330000.0,1077898000.0,1540555000.0,5383044000.0,6012334000.0,-4.075712406557047,-30.031839174842833,-10.466650721666495
BG,Common Stock,Bunge Limited,"Bunge Limited (NYSE: BG) is a prominent global agribusiness and food company based in St. Louis, Missouri, recognized for its extensive supply chain capabilities in sourcing, processing, and distributing agricultural commodities like grains and oilseeds. The company leverages its integrated operations to produce a diverse array of food products for both consumers and industrial clients, effectively positioning itself to capture growth within the food and biofuels sectors. Bunge's commitment to sustainable practices underscores its dedication to responsible resource management and innovation, reinforcing its competitive edge in a dynamic market.",1996862,NYSE,USD,USA,CONSUMER DEFENSIVE,FARM PRODUCTS,"1391 TIMBERLAKE MANOR PARKWAY, CHESTERFIELD, MO, UNITED STATES, 63017",https://www.bunge.com,2024-12-31,2023-12-31,53108000000.0,59540000000.0,1137000000.0,2243000000.0,3393000000.0,4845000000.0,-10.802821632515956,-49.308961212661615,-29.96904024767802
BXP,Common Stock,Boston Properties Inc,"Boston Properties, Inc. (BXP) is a prominent real estate investment trust (REIT) recognized for its strategic focus on the acquisition, development, and management of premier office properties in major metropolitan areas across the United States, including iconic markets such as Boston, Los Angeles, New York City, San Francisco, and Washington, D.C. With a robust and diverse portfolio, BXP seeks to maximize shareholder value through disciplined investment strategies, innovative development initiatives, and a commitment to sustainability and operational efficiency. The company’s proactive approach to asset management enables it to adapt effectively to changing market conditions, solidifying its position as a leading player in the competitive real estate landscape.",1037540,NYSE,USD,USA,REAL ESTATE,REIT - OFFICE,"PRUDENTIAL CENTER, 800 BOYLSTON STREET, BOSTON, MA, UNITED STATES, 02199-8103",https://www.bxp.com,2024-12-31,2023-12-31,3407719000.0,3273569000.0,14272000.0,190215000.0,1181914000.0,2053084000.0,4.097973801682507,-92.49691138974319,-42.43226287867422
CHRW,Common Stock,CH Robinson Worldwide Inc,"C.H. Robinson Worldwide Inc. (CHRW) is a prominent Fortune 500 company that specializes in multimodal transportation and logistics solutions, playing a vital role in the global supply chain ecosystem. The firm offers an extensive range of services, including freight transportation, transportation management, and third-party logistics, which encompass truckload, less than truckload, air freight, intermodal, and ocean transportation. C.H. Robinson distinguishes itself through its commitment to technology and innovation, utilizing advanced data analytics and a vast network to optimize supply chain efficiencies and visibility for a wide array of clients across different sectors.",1043277,NASDAQ,USD,USA,INDUSTRIALS,INTEGRATED FREIGHT & LOGISTICS,"14701 CHARLSON ROAD, EDEN PRAIRIE, MN, UNITED STATES, 55347-5076",https://www.chrobinson.com,2024-12-31,2023-12-31,17724956000.0,17596443000.0,465690000.0,325129000.0,1308765000.0,1138873000.0,0.7303351023840443,43.232378532828506,14.917554459540264
CDNS,Common Stock,Cadence Design Systems Inc,"Cadence Design Systems, Inc. (CDNS), headquartered in San Jose, California, is a premier provider of electronic design automation (EDA) software and engineering services that drive innovation in semiconductor design. The company specializes in comprehensive solutions for integrated circuit design, system on chip (SoC) development, and printed circuit board (PCB) design, allowing clients to enhance productivity and significantly shorten time-to-market. Cadence is dedicated to advancing the semiconductor industry through the integration of cutting-edge technologies, including artificial intelligence and machine learning, to optimize design processes and elevate performance outcomes, positioning itself as a strategic partner for companies looking to navigate the complexities of modern electronic design.",813672,NASDAQ,USD,USA,TECHNOLOGY,SOFTWARE - APPLICATION,"BUILDING 5, SAN JOSE, CA, UNITED STATES, 95134",https://www.cadence.com,2024-12-31,2023-12-31,4641264000.0,4089986000.0,1055484000.0,1041144000.0,3993762000.0,3654945000.0,13.478725844049343,1.3773310896475415,9.270098455653915
CPT,Common Stock,Camden Property Trust,"Camden Property Trust (CPT) is a premier real estate investment trust (REIT) renowned for its expertise in the ownership, management, and development of high-quality multifamily residential properties throughout the United States. As a constituent of the S&P 400, Camden is dedicated to expanding its portfolio through strategic acquisitions and enhancements while prioritizing sustainable practices in its operations. With a strong operational structure and a solid pipeline of projects, Camden provides institutional investors with attractive opportunities in the burgeoning multifamily housing market, capitalizing on demand drivers and rental growth potential.",906345,NYSE,USD,USA,REAL ESTATE,REIT - RESIDENTIAL,"11 GREENWAY PLAZA, HOUSTON, TX, UNITED STATES, 77046-1124",https://www.camdenliving.com,2024-12-31,2023-12-31,1543842000.0,1542027000.0,163293000.0,403309000.0,944506000.0,957684000.0,0.11770221922184242,-59.51168954821241,-1.3760280008854695
CPB,Common Stock,Campbell’s Co,"Campbell Soup Company (CPB) is a premier American food manufacturer renowned for its extensive range of processed foods and snacks, featuring iconic brands such as Campbell's soups, Pepperidge Farm, and V8 beverages. The company is committed to innovation and sustainability, adapting to consumer trends that prioritize health and convenience in meal preparation. With a robust global distribution network and strong brand equity, Campbell is strategically positioned to capitalize on market opportunities in the dynamic food sector. By aligning its operations with evolving consumer preferences, Campbell Soup Company aims to drive long-term growth and enhance shareholder value.",16732,NYSE,USD,USA,CONSUMER DEFENSIVE,PACKAGED FOODS,"1 CAMPBELL PLACE, CAMDEN, NJ, UNITED STATES, 08103-1799",https://www.thecampbellscompany.com,2025-07-31,2024-07-31,10253000000.0,9636000000.0,602000000.0,567000000.0,3119000000.0,2971000000.0,6.403071814030718,6.172839506172839,4.981487714574218
COF,Common Stock,Capital One Financial Corporation,"Capital One Financial Corporation (COF) is a prominent American bank holding company based in McLean, Virginia, recognized for its pioneering advancements in credit card products, auto finance, and comprehensive banking services. By prioritizing digital banking and customer-centric financial solutions, Capital One has solidified its position as a key competitor in the U.S. financial services sector. The company's strong technological framework and data-driven strategies not only enhance its risk management capabilities but also significantly improve customer experiences. With a keen focus on innovation, Capital One is strategically positioned to leverage emerging opportunities in the rapidly changing financial landscape.",927628,NYSE,USD,USA,FINANCIAL SERVICES,CREDIT SERVICES,"1680 CAPITAL ONE DRIVE, MCLEAN, VA, UNITED STATES, 22102",https://www.capitalone.com,2024-12-31,2023-12-31,53938000000.0,49484000000.0,4750000000.0,4887000000.0,27396000000.0,26361000000.0,9.000889176299411,-2.803355842029875,3.926254694434961
CAH,Common Stock,Cardinal Health Inc,"Cardinal Health, Inc. is a leading American multinational health care services and products company that operates across the global healthcare supply chain. With a strong focus on delivering essential pharmaceuticals and medical products, Cardinal Health partners with healthcare providers and manufacturers to enhance patient care and optimize operational efficiency. The company is also heavily invested in innovative solutions within the healthcare ecosystem, including data analytics and medication management. Cardinal Health's extensive network and logistical capabilities position it as a critical player in the evolving landscape of healthcare delivery.",721371,NYSE,USD,USA,HEALTHCARE,MEDICAL DISTRIBUTION,"7000 CARDINAL PLACE, DUBLIN, OH, UNITED STATES, 43017",https://www.cardinalhealth.com,2025-06-30,2024-06-30,222578000000.0,226827000000.0,1561000000.0,852000000.0,8168000000.0,7414000000.0,-1.873233786101302,83.21596244131455,10.169948745616402
KMX,Common Stock,CarMax Inc,"CarMax Inc. (Ticker: KMX) is a leading retailer of used vehicles in the United States, distinguished by its innovative, customer-centric business model that seamlessly integrates a robust physical footprint with a comprehensive online platform. The company operates primarily through two segments: CarMax Sales Operations, which focuses on the retail of pre-owned vehicles, and CarMax Auto Finance, providing tailored financing solutions to enhance the car buying experience. With a commitment to transparency, value, and technological innovation, CarMax is constantly evolving its operations to better meet the diverse needs of today's consumers while expanding its market share in the competitive automotive retail sector.",1170010,NYSE,USD,USA,CONSUMER CYCLICAL,AUTO & TRUCK DEALERSHIPS,"12800 TUCKAHOE CREEK PARKWAY, RICHMOND, VA, UNITED STATES, 23238",https://www.carmax.com,2025-02-28,2024-02-29,26353420000.0,26536040000.0,500556000.0,479204000.0,2897901000.0,2713209000.0,-0.6881961287366163,4.4557224063238206,6.807142391168538
CCL,Common Stock,Carnival Corporation,"Carnival Corporation & plc is the largest global travel and leisure company, operating a diverse fleet of over 100 vessels across ten renowned cruise line brands. Headquartered in both the UK and the US, the company is strategically positioned to capitalize on the increasing demand for cruise vacations by leveraging its substantial market presence and years of operational expertise. Committed to sustainability and enhancing customer experience, Carnival focuses on innovation while adapting to the changing preferences of modern travelers. The company's proactive strategic initiatives and resilience in navigating market dynamics underscore its potential for long-term growth and value creation, making it an attractive opportunity for institutional investors.",815097,NYSE,USD,USA,CONSUMER CYCLICAL,TRAVEL SERVICES,"3655 N.W. 87TH AVENUE, MIAMI, FL, UNITED STATES, 33178-2428",https://www.carnivalcorp.com,2024-11-30,2023-11-30,25021000000.0,21593000000.0,1916000000.0,-74000000.0,9383000000.0,7276000000.0,15.875515213263558,-2689.189189189189,28.95821880153931
CARR,Common Stock,Carrier Global Corp,"Carrier Global Corporation is a premier American multinational company headquartered in Palm Beach Gardens, Florida, specializing in innovative heating, ventilation, and air conditioning (HVAC) solutions. Committed to sustainability and energy efficiency, Carrier employs advanced technology to improve comfort in both residential and commercial environments. As a prominent player in the global climate control sector, the company is focused on smart building technologies and reducing carbon emissions, making it a vital contributor to the transition toward greener infrastructure. With a diverse product portfolio and a strong emphasis on innovation, Carrier maintains a competitive advantage in a rapidly changing market landscape.",1783180,NYSE,USD,USA,INDUSTRIALS,BUILDING PRODUCTS & EQUIPMENT,"13995 PASTEUR BOULEVARD, PALM BEACH GARDENS, FL, UNITED STATES, 33418",https://www.corporate.carrier.com,2024-12-31,2023-12-31,22486000000.0,22098000000.0,5604000000.0,1440000000.0,6023000000.0,6383000000.0,1.7558150058828854,289.1666666666667,-5.639981200062667
CAT,Common Stock,Caterpillar Inc,"Caterpillar Inc. (CAT) is a premier American multinational corporation renowned for its expertise in designing, manufacturing, and marketing construction and mining equipment, as well as engines and associated financial products. As a Fortune 100 company, Caterpillar boasts a substantial global footprint bolstered by a comprehensive dealer network that caters to a wide variety of sectors, including construction, agriculture, and energy. The company is dedicated to innovation and sustainability, focusing on integrating advanced technologies to enhance operational efficiency and productivity while actively addressing environmental challenges inherent in its offerings.",18230,NYSE,USD,USA,INDUSTRIALS,FARM & HEAVY CONSTRUCTION MACHINERY,"5205 NORTH O'CONNOR BOULEVARD, IRVING, TX, UNITED STATES, 75039",https://www.caterpillar.com,2024-12-31,2023-12-31,64809000000.0,67060000000.0,10792000000.0,10335000000.0,23324000000.0,23263000000.0,-3.3566954965702354,4.421867440735365,0.26221897433692987
CBOE,Common Stock,Cboe Global Markets Inc,"Cboe Global Markets Inc. is a leading U.S. exchange operator known for its innovative and diverse trading solutions. It owns the Chicago Board Options Exchange (CBOE), the largest options marketplace in the world, and BATS Global Markets, a significant liquidity provider for equities and ETPs. Cboe specializes in derivatives and innovative products, facilitating trading across multiple asset classes, including equities, options, and futures. With a commitment to enhancing market structure and ensuring risk management, Cboe is well-positioned in a dynamic financial landscape, catering to both institutional and individual investors.",1374310,BATS,USD,USA,FINANCIAL SERVICES,FINANCIAL DATA & STOCK EXCHANGES,"433 WEST VAN BUREN STREET, CHICAGO, IL, UNITED STATES, 60607",https://www.cboe.com,2024-12-31,2023-12-31,4094500000.0,3773500000.0,764900000.0,761400000.0,2072400000.0,1918000000.0,8.506691400556512,0.4596795376937221,8.050052137643378
CBRE,Common Stock,CBRE Group Inc Class A,"CBRE Group, Inc. is the world's largest commercial real estate services and investment firm, offering a wide range of integrated services including property management, leasing, investment sales, and development. Leveraging cutting-edge technology and deep market insights, CBRE is adept at identifying and capitalizing on emerging market trends, enabling its diverse clientele—ranging from investors to occupiers—to successfully navigate the complexities of real estate transactions. With a robust global presence, CBRE is strategically positioned to drive value and innovation in the dynamic real estate landscape.",1138118,NYSE,USD,USA,REAL ESTATE,REAL ESTATE SERVICES,"2121 NORTH PEARL STREET, DALLAS, TX, UNITED STATES, 75201",https://www.cbre.com,2024-12-31,2023-12-31,35767000000.0,31949000000.0,968000000.0,986000000.0,7020000000.0,6299000000.0,11.9502957839056,-1.8255578093306288,11.446261311319256
CDW,Common Stock,CDW Corp,"CDW Corporation is a leading technology solutions provider based in Lincolnshire, Illinois, that delivers a wide array of products and services designed for businesses, government entities, and educational institutions. The company excels in offering a comprehensive portfolio, including hardware, software, and integrated technology services, positioning itself as a vital partner in driving digital transformation and operational efficiencies for its clients. With a strong network of partnerships and a focus on innovative solutions, CDW plays a crucial role in helping organizations effectively address their IT challenges and enhance overall performance.",1402057,NASDAQ,USD,USA,TECHNOLOGY,INFORMATION TECHNOLOGY SERVICES,"200 N. MILWAUKEE AVENUE, VERNON HILLS, IL, UNITED STATES, 60061",https://www.cdw.com,2024-12-31,2023-12-31,20998700000.0,21376000000.0,1077800000.0,1104300000.0,4602400000.0,4652400000.0,-1.7650636227544911,-2.399710223671104,-1.0747141260424726
COR,Common Stock,Cencora Inc.,"Cencora Inc. (NYSE: COR) is a premier provider of data center solutions, focusing on high-performance cloud access and interconnect services across strategically located markets in North America. The company serves a diverse range of clients, supporting mission-critical applications with an emphasis on reliability and security. With a strong commitment to innovation, Cencora is poised to leverage the rising demand for data-driven solutions as the digital economy continues to expand, positioning itself as a key player in the evolving technology landscape.",1140859,NYSE,USD,USA,HEALTHCARE,MEDICAL DISTRIBUTION,"1 WEST FIRST AVENUE, CONSHOHOCKEN, PA, UNITED STATES, 19428-1800",https://www.cencora.com,2025-09-30,2024-09-30,321332819000.0,293958599000.0,1554169000.0,1509120000.0,10491632999.0,8701238000.0,9.312270535076268,2.9851171543681088,20.576324874690243
CNC,Common Stock,Centene Corp,"Centene Corporation (CNC) is a prominent multi-line managed care organization specializing in a comprehensive range of healthcare solutions for government-sponsored programs and commercial insurance markets. With a mission to serve the uninsured and underinsured, Centene is dedicated to providing innovative care management and integrated services through its diverse health plans. As a leader in the healthcare insurance sector, the company focuses on improving health outcomes while optimizing system efficiencies, positioning itself strongly in an increasingly complex healthcare environment.",1071739,NYSE,USD,USA,HEALTHCARE,HEALTHCARE PLANS,"CENTENE PLAZA, SAINT LOUIS, MO, UNITED STATES, 63105",https://www.centene.com,2024-12-31,2023-12-31,163071000000.0,153999000000.0,3305000000.0,2702000000.0,16829000000.0,31541000000.0,5.890947343813921,22.31680236861584,-46.6440506008053
CNP,Common Stock,CenterPoint Energy Inc,"CenterPoint Energy, Inc. (CNP) is a prominent Fortune 500 electric and natural gas utility provider, serving millions of customers across key markets in Arkansas, Indiana, Louisiana, Minnesota, Mississippi, Oklahoma, and Texas. The company emphasizes sustainability and innovation, strategically advancing initiatives in smart grid technology and renewable energy to enhance operational efficiency and reliability. With its robust infrastructure and a firm commitment to customer satisfaction, CenterPoint plays a critical role in the energy sector, fostering economic growth and community development while navigating the evolving landscape of energy delivery.",1130310,NYSE,USD,USA,UTILITIES,UTILITIES - REGULATED ELECTRIC,"1111 LOUISIANA STREET, HOUSTON, TX, UNITED STATES, 77002",https://www.centerpointenergy.com,2024-12-31,2023-12-31,8643000000.0,8696000000.0,1019000000.0,917000000.0,3976000000.0,3686000000.0,-0.609475620975161,11.123227917121046,7.867607162235486
CF,Common Stock,CF Industries Holdings Inc,"CF Industries Holdings, Inc. is a premier manufacturer and distributor of nitrogen and phosphate fertilizers in North America, headquartered in Deerfield, Illinois. The company is integral to the global agricultural supply chain, delivering vital nutrients that enhance crop yields and support food security efforts worldwide. Committed to sustainability, CF Industries employs efficient production techniques to address the rising demand for fertilizers while striving to reduce its environmental impact. Its strategically located facilities position the company to leverage growth opportunities within the agricultural sector, reinforcing its robust market presence.",1324404,NYSE,USD,USA,BASIC MATERIALS,AGRICULTURAL INPUTS,"2375 WATERVIEW DRIVE, NORTHBROOK, IL, UNITED STATES, 60062",https://www.cfindustries.com,2024-12-31,2023-12-31,5936000000.0,6631000000.0,1218000000.0,1525000000.0,2056000000.0,2645000000.0,-10.481073744533253,-20.13114754098361,-22.26843100189036
CRL,Common Stock,Charles River Laboratories,"Charles River Laboratories International, Inc. (CRL) is a premier global provider of essential products and services tailored to the pharmaceutical, biotechnology, and medical device sectors. The company's expertise spans the entire drug development lifecycle, offering comprehensive preclinical and clinical laboratory services, as well as advanced gene and cell therapy solutions that enhance research and development efficiency. With a steadfast commitment to innovation and regulatory compliance, Charles River empowers its clients to navigate complex challenges in drug development, thereby playing a crucial role in advancing healthcare solutions globally.",1100682,NYSE,USD,USA,HEALTHCARE,DIAGNOSTICS & RESEARCH,"251 BALLARDVALE STREET, WILMINGTON, MA, UNITED STATES, 01887",https://www.criver.com,2024-12-31,2023-12-31,4049989000.0,4129409000.0,10297000.0,474624000.0,1331821000.0,1502556000.0,-1.9232776409408707,-97.83049319039914,-11.362970831037247
SCHW,Common Stock,Charles Schwab Corp,"The Charles Schwab Corporation is a leading American financial services firm that operates a comprehensive platform for banking, electronic trading, and wealth management. Catering to both retail and institutional investors, Schwab emphasizes innovative technology and a client-first approach to deliver a wide array of financial products and services, including brokerage accounts, investment advisory, and institutional trading solutions. With a commitment to low-cost investment options, Schwab continues to strategically expand its offerings to help clients navigate the complexities of modern finance.",316709,NYSE,USD,USA,FINANCIAL SERVICES,CAPITAL MARKETS,"3000 SCHWAB WAY, WESTLAKE, TX, UNITED STATES, 76262",https://www.schwab.com,2024-12-31,2023-12-31,25999000000.0,25521000000.0,5942000000.0,5067000000.0,19606000000.0,18837000000.0,1.872967360213158,17.26860074995066,4.082391038912778
CHTR,Common Stock,Charter Communications Inc,"Charter Communications, Inc. is a prominent American telecommunications and mass media company, recognized for its brand, Charter Spectrum. The company offers a comprehensive suite of services, including high-speed internet, cable television, and voice services, effectively catering to both residential and commercial customers across the United States. Charter's strategic focus on enhancing connectivity and delivering innovative entertainment solutions positions it as a formidable force in the highly competitive telecommunications landscape. With a commitment to superior customer experience and continuous investment in infrastructure, Charter is not only driving sustained growth but also solidifying its presence as a vital leader in the broadband and media industries.",1091667,NASDAQ,USD,USA,COMMUNICATION SERVICES,TELECOM SERVICES,"400 WASHINGTON BLVD., STAMFORD, CT, UNITED STATES, 06902",https://corporate.charter.com,2024-12-31,2023-12-31,55085000000.0,54607000000.0,5083000000.0,4557000000.0,25325000000.0,21271000000.0,0.875345651656381,11.542681588764538,19.058812467678997
CVX,Common Stock,Chevron Corp,"Chevron Corporation is a prominent American multinational energy company based in San Ramon, California, with a diverse portfolio operating in over 180 countries. As a successor to Standard Oil, Chevron is integral to the global energy landscape, specializing in the exploration, production, refining, marketing, and transportation of oil and natural gas. The company also engages in chemicals manufacturing and power generation, demonstrating its commitment to both traditional energy sectors and the ongoing transition to sustainable energy solutions. Chevron's focus on operational excellence and delivering value to shareholders positions it as a leader in the energy market while addressing environmental challenges.",93410,NYSE,USD,USA,ENERGY,OIL & GAS INTEGRATED,"1400 SMITH STREET, HOUSTON, TX, UNITED STATES, 77002-7327",https://www.chevron.com,2024-12-31,2023-12-31,193414000000.0,196913000000.0,17661000000.0,21369000000.0,56926000000.0,60391000000.0,-1.7769268661794804,-17.352239225045626,-5.737609908761239
CMG,Common Stock,Chipotle Mexican Grill Inc,"Chipotle Mexican Grill, Inc. is a prominent fast-casual restaurant chain celebrated for its dedication to high-quality, customizable Mexican-inspired cuisine, anchored in fresh and sustainably sourced ingredients. With a robust presence in the United States, Canada, the United Kingdom, Germany, and France, Chipotle offers made-to-order meals such as tacos and Mission burritos in a transparent kitchen setting, fostering customer trust and engagement. The company is strategically positioned for continued growth, leveraging strong brand loyalty and responding to the rising consumer demand for health-conscious, environmentally sustainable dining options in an increasingly competitive marketplace.",1058090,NYSE,USD,USA,CONSUMER CYCLICAL,RESTAURANTS,"610 NEWPORT CENTER DRIVE, NEWPORT BEACH, CA, UNITED STATES, 92660",https://www.chipotle.com,2024-12-31,2023-12-31,11313853000.0,9871649000.0,1534110000.0,1228737000.0,3017692000.0,2586092000.0,14.609555100672644,24.85259254014488,16.68927478218099
CB,Common Stock,Chubb Ltd,"Chubb Limited, based in Zurich, Switzerland, is a foremost global provider of a wide range of insurance solutions, encompassing property and casualty, accident and health, reinsurance, and life insurance. As the largest publicly traded property and casualty insurer worldwide, Chubb harnesses its extensive industry expertise and a formidable international footprint to deliver tailored risk management and insurance products to its diverse clientele. Committed to innovation, exceptional customer service, and financial robustness, Chubb continues to strengthen its market position, ensuring it meets the evolving demands of the insurance landscape while maintaining a strong focus on sustainable growth.",896159,NYSE,USD,USA,FINANCIAL SERVICES,INSURANCE - PROPERTY & CASUALTY,"BAERENGASSE 32, ZURICH, SWITZERLAND, 8001",https://www.chubb.com/us-en,2024-12-31,2023-12-31,56150000000.0,49997000000.0,9272000000.0,9028000000.0,16172000000.0,49997000000.0,12.306738404304259,2.7027027027027026,-67.65405924355461
CHD,Common Stock,Church & Dwight Company Inc,"Church & Dwight Company Inc. is a leading American consumer goods manufacturer headquartered in Ewing, New Jersey, recognized for its extensive range of household and personal care products. With a strong portfolio that includes iconic brands such as Arm & Hammer, OxiClean, and Trojan, the company has built a reputation for innovation and quality, effectively addressing diverse consumer needs. Church & Dwight's dedication to sustainability and continuous improvement in research and development reinforces its competitive edge in the consumer products sector. With a proven track record of strategic growth and operational efficiency, it presents a compelling investment opportunity for institutional investors seeking sustainable long-term value.",313927,NYSE,USD,USA,CONSUMER DEFENSIVE,HOUSEHOLD & PERSONAL PRODUCTS,"PRINCETON SOUTH CORPORATE CENTER, EWING, NJ, UNITED STATES, 08628",https://www.churchdwight.com,2024-12-31,2023-12-31,6107100000.0,5867900000.0,585300000.0,755600000.0,2790100000.0,2588500000.0,4.076415753506365,-22.538380095288513,7.788294378983967
CI,Common Stock,Cigna Corp,"Cigna Corporation (CI) is a leading American multinational health services and insurance organization headquartered in Bloomfield, Connecticut. Specializing in a wide range of insurance products such as medical, dental, disability, life, and accident insurance, Cigna serves a diverse clientele that includes employers, governmental entities, unions, and associations. With a strong emphasis on enhancing health outcomes through advanced technology and personalized care solutions, the company is well-equipped to adapt to the dynamic healthcare landscape. Cigna's extensive market presence and focus on integrated health services reinforce its commitment to promoting health and well-being for its customers.",1739940,NYSE,USD,USA,HEALTHCARE,HEALTHCARE PLANS,"900 COTTAGE GROVE ROAD, BLOOMFIELD, CT, UNITED STATES, 06002",https://www.cigna.com,2024-12-31,2023-12-31,247121000000.0,195265000000.0,3434000000.0,5164000000.0,25964000000.0,25177000000.0,26.556730596881163,-33.501161890007744,3.1258688485522503
CINF,Common Stock,Cincinnati Financial Corporation,"Cincinnati Financial Corporation (CINF) is a leading diversified insurance provider, offering a comprehensive range of property and casualty insurance products through its well-established subsidiaries, including The Cincinnati Insurance Company. Known for its strong financial stability and commitment to customer service, the company has cultivated a diverse portfolio that serves both individual and commercial clients. With disciplined underwriting practices and a consistent investment approach, Cincinnati Financial is strategically positioned for sustained growth, making it a compelling option for institutional investors seeking stable long-term returns in the competitive insurance sector.",20286,NASDAQ,USD,USA,FINANCIAL SERVICES,INSURANCE - PROPERTY & CASUALTY,"6200 SOUTH GILMORE ROAD, FAIRFIELD, OH, UNITED STATES, 45014-5141",https://www.cinfin.com,2024-12-31,2023-12-31,11337000000.0,10013000000.0,2292000000.0,1843000000.0,5600000000.0,9988000000.0,13.222810346549485,24.362452523060227,-43.932719263115736
CTAS,Common Stock,Cintas Corporation,"Cintas Corporation (CTAS) is a premier American provider of business-to-business services, based in Cincinnati, Ohio, specializing in uniform rental and facility services. The company offers an extensive portfolio of essential products, including uniforms, cleaning supplies, and safety equipment, catering to a wide array of industries. Cintas distinguishes itself through its unwavering commitment to customer service, operational efficiency, and innovation, positioning itself as a vital partner in enhancing workplace safety and productivity. With its robust market presence and strategic growth initiatives, Cintas is well-positioned to capitalize on increasing demand within the essential services sector.",723254,NASDAQ,USD,USA,INDUSTRIALS,SPECIALTY BUSINESS SERVICES,"6800 CINTAS BOULEVARD, CINCINNATI, OH, UNITED STATES, 45262-5737",https://www.cintas.com,2025-05-31,2024-05-31,10340181000.0,9596615000.0,1812281000.0,1571592000.0,5174164000.0,4686416000.0,7.748211218226427,15.314979969355914,10.407697481401566
CSCO,Common Stock,Cisco Systems Inc,"Cisco Systems, Inc. is a premier technology conglomerate headquartered in San Jose, California, renowned for its extensive portfolio of networking hardware, software, and telecommunications solutions. As a leader in the rapidly evolving sectors of the Internet of Things (IoT) and cybersecurity, Cisco’s innovations, including its Webex communications platform, exemplify its commitment to enhancing connectivity and secure data exchange. The company leverages strategic acquisitions and research to maintain its competitive edge in the global technology market, solidifying its status as a crucial actor in shaping the future of digital transformation and network security.",858877,NASDAQ,USD,USA,TECHNOLOGY,COMMUNICATION EQUIPMENT,"170 WEST TASMAN DRIVE, SAN JOSE, CA, UNITED STATES, 95134-1706",https://www.cisco.com,2025-07-31,2024-07-31,56654000000.0,53803000000.0,10453000000.0,10320000000.0,36183000000.0,34828000000.0,5.298961024478189,1.2887596899224807,3.890547835075227
C,Common Stock,Citigroup Inc,"Citigroup Inc. is a prominent American multinational investment bank and financial services corporation headquartered in New York City, formed in 1998 through the merger of Citicorp and Travelers Group. With a robust global presence, Citigroup offers a comprehensive suite of financial products, including investment banking, securities brokerage, wealth management, and treasury and trade solutions. The corporation serves millions of clients worldwide through its extensive network of subsidiaries, notably Citibank, while actively enhancing its digital banking capabilities and sustainability initiatives to foster long-term growth and shareholder value. As a leading financial institution, Citigroup remains well-positioned to navigate the evolving financial landscape and capitalize on emerging opportunities.",831001,NYSE,USD,USA,FINANCIAL SERVICES,BANKS - DIVERSIFIED,"388 GREENWICH STREET, NEW YORK, NY, UNITED STATES, 10013",https://www.citigroup.com,2024-12-31,2023-12-31,170707000000.0,155382000000.0,12682000000.0,9228000000.0,71120000000.0,67901000000.0,9.862789769728797,37.42956220199393,4.740725467960708
CFG,Common Stock,"Citizens Financial Group, Inc.","Citizens Financial Group, Inc. (CFG) is a prominent American banking institution based in Providence, Rhode Island, delivering a comprehensive suite of financial services that cater to both retail and commercial clients. The bank's operations encompass loans, mortgages, and investment products, bolstered by an extensive branch network and advanced digital banking solutions. With a robust capital position and a strategic focus on customer-centric innovation, Citizens is strategically positioned to capitalize on growth opportunities, particularly within the Northeastern U.S. market. The commitment to service excellence further enhances its competitive edge in the evolving financial landscape.",759944,NYSE,USD,USA,FINANCIAL SERVICES,BANKS - REGIONAL,"ONE CITIZENS PLAZA, PROVIDENCE, RI, UNITED STATES, 02903",https://www.citizensbank.com,2024-12-31,2023-12-31,12347000000.0,12187000000.0,1509000000.0,1608000000.0,7107000000.0,7537000000.0,1.312874374333306,-6.156716417910448,-5.705187740480297
CLX,Common Stock,The Clorox Company,"The Clorox Company (CLX), based in Oakland, California, is a prominent global manufacturer of consumer and professional products, specializing in cleaning, bleach, and personal care items. Renowned for its strong commitment to innovation and sustainability, Clorox effectively utilizes its established brand equity to expand market share across diverse categories. With a strategic emphasis on product diversification and operational efficiency, the company is well-positioned for sustained growth within the competitive consumer goods industry. Its extensive distribution network and agile response to evolving consumer trends further solidify Clorox's status as a critical player in the health and wellness sector, committed to enhancing lives through premium quality offerings.",21076,NYSE,USD,USA,CONSUMER DEFENSIVE,HOUSEHOLD & PERSONAL PRODUCTS,"1221 BROADWAY, OAKLAND, CA, UNITED STATES, 94612-1888",https://www.thecloroxcompany.com,2025-06-30,2024-06-30,7104000000.0,7093000000.0,810000000.0,280000000.0,3213000000.0,3048000000.0,0.15508247568024813,189.28571428571428,5.413385826771654
CME,Common Stock,CME Group Inc,"CME Group Inc. is the world’s leading financial derivatives exchange, based in Chicago, comprising major trading venues such as the Chicago Mercantile Exchange and the New York Mercantile Exchange. The firm enables trading across a wide spectrum of asset classes, including agricultural products, energy, metals, interest rates, and cryptocurrency futures, catering to diverse institutional needs. With a strong emphasis on risk management and technological innovation, CME Group plays a critical role in the global financial ecosystem, making it an attractive partner for institutional investors aiming to optimize their investment strategies through comprehensive derivatives solutions.",1156375,NASDAQ,USD,USA,FINANCIAL SERVICES,FINANCIAL DATA & STOCK EXCHANGES,"20 SOUTH WACKER DRIVE, CHICAGO, IL, UNITED STATES, 60606",https://www.cmegroup.com,2024-12-31,2023-12-31,6130100000.0,5578900000.0,3525800000.0,3226200000.0,5279800000.0,4750300000.0,9.880083887504705,9.286467051019775,11.146664421194451
CMS,Common Stock,CMS Energy Corporation,"CMS Energy Corporation (NYSE: CMS), based in Jackson, Michigan, stands as a premier energy provider focusing on electricity generation, transmission, and natural gas distribution. Through its subsidiary, Consumers Energy, the company efficiently serves approximately 6.7 million customers statewide. CMS Energy is committed to sustainability, proactively investing in renewable energy initiatives and modernizing its infrastructure to address growing energy demands. This strategic direction, paired with a dedication to exceptional customer service and community collaboration, positions CMS Energy as a leader in shaping Michigan's energy landscape while pursuing long-term value for its shareholders.",811156,NYSE,USD,USA,UTILITIES,UTILITIES - REGULATED ELECTRIC,"ONE ENERGY PLAZA, JACKSON, MI, UNITED STATES, 49201",https://www.cmsenergy.com,2024-12-31,2023-12-31,7515000000.0,7462000000.0,1003000000.0,887000000.0,3209000000.0,2862000000.0,0.7102653444116859,13.077790304396844,12.12438853948288
KO,Common Stock,The Coca-Cola Company,"The Coca-Cola Company (KO) is a leading global beverage powerhouse headquartered in Atlanta, Georgia, boasting a diverse portfolio of over 500 brands, including its flagship Coca-Cola soft drink. With operations spanning more than 200 countries, the company has built a robust distribution network that effectively reaches a broad consumer base. Coca-Cola’s commitment to innovation and sustainability positions it to adapt to evolving consumer preferences and market trends, ensuring long-term resilience and growth. As a result, Coca-Cola presents an attractive investment opportunity for institutional investors seeking stability and a competitive edge in the dynamic beverage industry.",21344,NYSE,USD,USA,CONSUMER DEFENSIVE,BEVERAGES - NON-ALCOHOLIC,"ONE COCA-COLA PLAZA, ATLANTA, GA, UNITED STATES, 30313",https://www.coca-colacompany.com,2024-12-31,2023-12-31,47061000000.0,45754000000.0,10631000000.0,10714000000.0,28737000000.0,27234000000.0,2.856580845390567,-0.7746873249953332,5.518836748182419
CTSH,Common Stock,Cognizant Technology Solutions Corp Class A,"Cognizant Technology Solutions Corp Class A is a prominent American multinational technology company based in Teaneck, New Jersey, renowned for its extensive capabilities in business consulting, information technology, and outsourcing services. The company harnesses advanced digital technologies to enhance innovation and operational efficiency for a diverse client base spanning multiple industries, positioning itself strategically within the ongoing digital transformation landscape. With a robust global footprint and a strong commitment to sustainability, Cognizant demonstrates significant growth potential and a steadfast dedication to driving client success in an increasingly competitive technology services market.",1058290,NASDAQ,USD,USA,TECHNOLOGY,INFORMATION TECHNOLOGY SERVICES,"300 FRANK WEST BURR BOULEVARD, TEANECK, NJ, UNITED STATES, 07666",https://www.cognizant.com,2024-12-31,2023-12-31,19736000000.0,19353000000.0,2240000000.0,2126000000.0,6778000000.0,6689000000.0,1.9790213403606676,5.362182502351835,1.330542682015249
COIN,Common Stock,Coinbase Global Inc,"Coinbase Global, Inc. (COIN) is a prominent cryptocurrency exchange and financial services platform headquartered in Wilmington, Delaware. It is a key player in the mainstream adoption of digital assets, providing a secure and user-friendly platform for both retail and institutional clients to buy, sell, and trade a diverse range of cryptocurrencies. With advanced technology and infrastructure, Coinbase fosters innovation in the crypto economy, enabling users to effectively manage their digital portfolios while advocating for the broader acceptance of blockchain technology. As a publicly traded entity, Coinbase continues to lead in the evolving landscape of financial services, bridging traditional finance with the burgeoning realm of cryptocurrency.",1679788,NASDAQ,USD,USA,FINANCIAL SERVICES,FINANCIAL DATA & STOCK EXCHANGES,"ONE MADISON AVENUE, NEW YORK, NY, UNITED STATES, 10010",https://www.coinbase.com,2024-12-31,2023-12-31,6564028000.0,3108383000.0,2579066000.0,94871000.0,4906481000.0,2687678000.0,111.17178931939856,2618.49774957574,82.5546438226603
CL,Common Stock,Colgate-Palmolive Company,"Colgate-Palmolive Company is a premier global consumer products leader, headquartered in New York City, with a diverse product portfolio spanning oral care, personal care, home care, and pet nutrition. The company is committed to sustainability and innovation, consistently enhancing consumer health and wellness through its trusted brands, including Colgate and Palmolive. Operating in over 200 countries, Colgate-Palmolive harnesses its robust market presence and extensive distribution capabilities to drive growth and deliver substantial shareholder value, positioning itself as a resilient player in the consumer goods sector.",21665,NYSE,USD,USA,CONSUMER DEFENSIVE,HOUSEHOLD & PERSONAL PRODUCTS,"300 PARK AVENUE, NEW YORK, NY, UNITED STATES, 10022-7499",https://www.colgatepalmolive.com,2024-12-31,2023-12-31,20101000000.0,19457000000.0,2889000000.0,2300000000.0,12106000000.0,11251000000.0,3.3098627743228657,25.608695652173914,7.59932450448849
CMCSA,Common Stock,Comcast Corp,"Comcast Corporation (CMCSA), based in Philadelphia, Pennsylvania, is a prominent American telecommunications and media conglomerate, recognized as the second-largest broadcasting and cable television company worldwide by revenue. With a robust presence as the largest pay-TV provider and cable operator in the U.S., Comcast serves a diverse customer base across 40 states and the District of Columbia, offering an extensive range of services, including high-speed internet and home telephone solutions. Additionally, the company enhances its market position through strategic ownership of NBCUniversal, enabling it to produce and distribute premium content that captures significant audience engagement across both theatrical and television platforms, thereby solidifying its influential role in the media industry.",1166691,NASDAQ,USD,USA,COMMUNICATION SERVICES,TELECOM SERVICES,"ONE COMCAST CENTER, PHILADELPHIA, PA, UNITED STATES, 19103-2838",https://corporate.comcast.com,2024-12-31,2023-12-31,123731000000.0,121572000000.0,16192000000.0,15388000000.0,71904000000.0,70474000000.0,1.7759023459349192,5.224850532882766,2.0291171212078214
CAG,Common Stock,ConAgra Foods Inc,"Conagra Brands, Inc. is a prominent American consumer packaged goods company headquartered in Chicago, Illinois, focusing on a wide array of food products in the frozen, refrigerated, and shelf-stable categories. With a robust portfolio of well-known brands, Conagra effectively caters to both retail and food service markets, delivering innovative and high-quality food solutions that resonate with contemporary consumer preferences. The company's strong emphasis on sustainability and continuous product innovation enhances its competitive edge, positioning it as an attractive option for institutional investors looking for growth opportunities within the dynamic food industry.",23217,NYSE,USD,USA,CONSUMER DEFENSIVE,PACKAGED FOODS,"222 WEST MERCHANDISE MART PLAZA, CHICAGO, IL, UNITED STATES, 60654",https://www.conagrabrands.com,2025-05-31,2024-05-31,11612800000.0,12050900000.0,1152500000.0,347200000.0,3119300000.0,3349600000.0,-3.6354131226713355,231.94124423963132,-6.875447814664437
COP,Common Stock,ConocoPhillips,"ConocoPhillips (COP) is a leading American multinational engaged in the exploration and production of oil and natural gas, with a strong focus on upstream operations. Headquartered in Houston, Texas, the company has built a substantial global asset portfolio that spans North America, Europe, Asia, and Australia, positioning it as one of the largest independent exploration and production firms globally. Committed to sustainability and operational excellence, ConocoPhillips continually seeks innovative solutions to enhance efficiency and reduce environmental impact. Its disciplined capital allocation strategy and robust financial standing empower the company to navigate the evolving energy landscape and capitalize on growth opportunities.",1163165,NYSE,USD,USA,ENERGY,OIL & GAS E&P,"925 NORTH ELDRIDGE PARKWAY, HOUSTON, TX, UNITED STATES, 77079-2703",https://www.conocophillips.com,2024-12-31,2023-12-31,54612000000.0,56141000000.0,9218000000.0,10922000000.0,16028000000.0,18203000000.0,-2.7234997595340307,-15.601538179820546,-11.94857990441136
ED,Common Stock,Consolidated Edison Inc,"Consolidated Edison, Inc. (Con Edison) is a leading investor-owned energy company in the United States, providing electric, gas, and steam services to over 3 million customers in New York City and its surrounding areas. With annual revenues exceeding $14 billion and total assets around $60 billion, the company is dedicated to delivering reliable energy while prioritizing sustainability. Con Edison is proactive in investing in renewable energy sources, smart grid technologies, and critical infrastructure enhancements, positioning itself at the forefront of the energy transition and supporting ambitious environmental goals in New York. Renowned for its operational resilience and innovative approaches, Con Edison is well-equipped to navigate the challenges of a rapidly evolving energy landscape.",1047862,NYSE,USD,USA,UTILITIES,UTILITIES - REGULATED ELECTRIC,"4 IRVING PLACE, NEW YORK, NY, UNITED STATES, 10003",https://www.conedison.com,2024-12-31,2023-12-31,15256000000.0,14646000000.0,1820000000.0,2519000000.0,9763000000.0,8959000000.0,4.164959715963403,-27.749106788408103,8.974215872307177
STZ,Common Stock,Constellation Brands Inc Class A,"Constellation Brands, Inc. (NYSE: STZ), based in Victor, New York, is a leading American multinational firm specializing in the production and marketing of premium beer, wine, and spirits. The company boasts a diverse portfolio of iconic brands, including Corona and Modelo in the beer segment, as well as renowned wine and spirit labels such as Robert Mondavi and Svedka Vodka. Constellation's innovative approach and strong focus on consumer trends position it favorably within the competitive beverage alcohol industry, making it an attractive entity for institutional investors seeking growth and stability in a dynamic market.",16918,NYSE,USD,USA,CONSUMER DEFENSIVE,BEVERAGES - BREWERS,"50 EAST BROAD STREET, ROCHESTER, NY, UNITED STATES, 14614",https://www.cbrands.com,2025-02-28,2024-02-29,10207900000.0,9961900000.0,-81400000.0,1727400000.0,5201700000.0,4909500000.0,2.4694084461799455,-104.71228435799466,5.951726245035136
CEG,Common Stock,Constellation Energy Corp,"Constellation Energy Corporation (CEG), headquartered in Baltimore, Maryland, stands as a prominent leader in the U.S. energy sector, primarily focusing on clean and reliable energy solutions through its extensive investments in nuclear and renewable sources. The company is dedicated to sustainability and innovation, adeptly positioning itself to address the increasing demand for environmentally responsible energy as the market evolves. With a diverse portfolio that spans generation and retail services, Constellation Energy is strategically poised to leverage emerging opportunities and navigate the dynamic landscape of the energy industry.",1868275,NASDAQ,USD,USA,UTILITIES,UTILITIES - RENEWABLE,"1310 POINT STREET, BALTIMORE, MD, UNITED STATES, 21231-3380",https://www.constellationenergy.com,2024-12-31,2023-12-31,23568000000.0,24918000000.0,3749000000.0,1623000000.0,5990000000.0,3303000000.0,-5.4177702865398505,130.99199014171288,81.35028761731759
COO,Common Stock,"The Cooper Companies, Inc","The Cooper Companies, Inc. (COO) is a prominent global medical device company based in San Ramon, California, recognized for its innovative solutions in contact lenses and women's health. Operating through two key segments, CooperVision and CooperSurgical, the company is dedicated to enhancing patient care and addressing the diverse needs within ocular and women's health sectors. With a strong focus on research and development, CooperCompanies is well-positioned for sustainable growth and innovation, making it a compelling investment opportunity in the medical device industry for institutional investors.",711404,NASDAQ,USD,USA,HEALTHCARE,MEDICAL INSTRUMENTS & SUPPLIES,"6101 BOLLINGER CANYON ROAD, SAN RAMON, CA, UNITED STATES, 94583",https://www.coopercos.com,2024-10-31,2023-10-31,3895400000.0,3593200000.0,392300000.0,294200000.0,2595700000.0,2357900000.0,8.410330624512968,33.344663494221614,10.085245345434497
CPRT,Common Stock,Copart Inc,"Copart, Inc. is a premier global online vehicle auction and remarketing service, serving a diverse clientele that includes automotive resellers, insurance companies, and rental fleets across 11 countries. The company has established a cutting-edge platform that harnesses technology to streamline transactions and improve transparency in the automotive market. As the demand for online auction services rises, Copart is well-positioned to capitalize on evolving trends in vehicle disposal, further solidifying its leadership in the industry. With its ongoing expansion efforts in key markets, Copart continues to redefine the standards of efficiency and accessibility in automotive remarketing.",900075,NASDAQ,USD,USA,INDUSTRIALS,SPECIALTY BUSINESS SERVICES,"14185 DALLAS PARKWAY, DALLAS, TX, UNITED STATES, 75254",https://www.copart.com,2025-07-31,2024-07-31,4646958000.0,4236823000.0,1552449000.0,1363020000.0,2099643000.0,1907252000.0,9.680248620251543,13.897741779284237,10.087340319999665
GLW,Common Stock,Corning Incorporated,"Corning Incorporated (GLW) is a leading American multinational technology company renowned for its innovative specialty glass, ceramics, and advanced optical materials. With a strong focus on research and development, Corning serves diverse sectors, including telecommunications, display technology, and life sciences. The company's commitment to sustainability and cutting-edge technology positions it as a key player in the global market, driving growth and delivering value to institutional investors through its comprehensive portfolio of high-performance materials and solutions.",24741,NYSE,USD,USA,TECHNOLOGY,ELECTRONIC COMPONENTS,"ONE RIVERFRONT PLAZA, CORNING, NY, UNITED STATES, 14831",https://www.corning.com,2024-12-31,2023-12-31,13118000000.0,12588000000.0,506000000.0,581000000.0,4276000000.0,3931000000.0,4.2103590721321895,-12.908777969018933,8.776392775375223
CPAY,Common Stock,Corpay Inc,,1175454,NYSE,USD,USA,TECHNOLOGY,SOFTWARE - INFRASTRUCTURE,"3280 PEACHTREE ROAD, ATLANTA, GA, UNITED STATES, 30305",https://www.corpay.com,2024-12-31,2023-12-31,3974589000.0,3757719000.0,1003746000.0,981890000.0,3105504000.0,2937811000.0,5.771320314265116,2.2259112527879905,5.708093543117648
CTVA,Common Stock,Corteva Inc,"Corteva Inc. is a prominent American agricultural company specializing in seed and crop protection solutions, having emerged as an independent entity from DowDuPont in 2019. Committed to sustainable agriculture, Corteva integrates advanced seed technologies and innovative crop protection products with digital farming tools to enhance productivity and yield for farmers worldwide. Through a strong emphasis on research and development, the company aims to address the critical challenges of food security and environmental sustainability. With its extensive product portfolio and global reach, Corteva is strategically positioned to deliver long-term growth and value to its stakeholders in the evolving agricultural landscape.",1755672,NYSE,USD,USA,BASIC MATERIALS,AGRICULTURAL INPUTS,"9330 ZIONSVILLE ROAD, INDIANAPOLIS, IN, UNITED STATES, 46268",https://www.corteva.com,2024-12-31,2023-12-31,16908000000.0,17226000000.0,907000000.0,735000000.0,7379000000.0,17226000000.0,-1.8460466736328804,23.401360544217688,-57.16358992221061
CSGP,Common Stock,CoStar Group Inc,"CoStar Group, Inc. is a prominent provider of proprietary online information, analytics, and services designed specifically for the commercial real estate sector, encompassing hospitality and residential markets globally. Headquartered in Washington, D.C., the company maintains a significant presence across North America, Europe, Asia Pacific, and Latin America, delivering critical insights that enable real estate professionals to make data-informed decisions. Utilizing advanced technology and innovative data-driven solutions, CoStar Group enhances market transparency and fosters efficient transactions, solidifying its position as a leader in the real estate information industry.",1057352,NASDAQ,USD,USA,REAL ESTATE,REAL ESTATE SERVICES,"1201 WILSON BLVD, ARLINGTON, VA, UNITED STATES, 22209",https://www.costargroup.com,2024-12-31,2023-12-31,2736200000.0,2455000000.0,138700000.0,374700000.0,2177700000.0,1963500000.0,11.45417515274949,-62.983720309580995,10.909090909090908
COST,Common Stock,Costco Wholesale Corp,"Costco Wholesale Corporation is a premier American multinational retail leader, recognized for its membership-based warehouse model that offers diverse products ranging from groceries to electronics. As one of the largest retailers worldwide, Costco excels in key categories like organic groceries and high-quality meats, underscoring its commitment to value and customer loyalty. The company’s strategic bulk purchasing approach enables it to provide competitive prices while enhancing the shopping experience. Furthermore, Costco's strong financial performance, combined with its initiatives in sustainability and responsible sourcing, make it a compelling investment opportunity for institutional investors seeking stability and growth.",909832,NASDAQ,USD,USA,CONSUMER DEFENSIVE,DISCOUNT STORES,"999 LAKE DRIVE, ISSAQUAH, WA, UNITED STATES, 98027",https://www.costco.com,2025-08-31,2024-08-31,275235000000.0,254453000000.0,8099000000.0,7367000000.0,35349000000.0,32095000000.0,8.167323631476146,9.936201981810777,10.138650880199409
CTRA,Common Stock,Coterra Energy Inc,"Coterra Energy Inc. is a prominent independent oil and gas exploration and production company based in Houston, Texas, known for its extensive asset portfolio across key U.S. regions. Committed to sustainability and operational efficiency, Coterra employs advanced technologies to optimize resource recovery while minimizing environmental impact. Its diverse asset base and solid financial standing allow the company to navigate market volatility effectively, reinforcing its status as a pivotal entity in the energy sector. Focused on innovation and strategic growth, Coterra is poised for continued value creation for its investors and stakeholders.",858470,NYSE,USD,USA,ENERGY,OIL & GAS E&P,"THREE MEMORIAL CITY PLAZA, HOUSTON, TX, UNITED STATES, 77024",https://www.coterra.com,2024-12-31,2023-12-31,5461000000.0,5684000000.0,1121000000.0,1625000000.0,1691000000.0,2203000000.0,-3.92329345531316,-31.015384615384615,-23.24103495233772
CRWD,Common Stock,Crowdstrike Holdings Inc,"CrowdStrike Holdings, Inc. is a premier leader in cloud-based cybersecurity solutions, with a strong emphasis on endpoint protection and cloud workload security. The company operates on a global scale, serving key markets including the United States, Australia, Germany, India, Israel, Romania, and the United Kingdom. Utilizing cutting-edge artificial intelligence and machine learning, CrowdStrike delivers real-time protection against an array of cyber threats, positioning itself as a vital partner for enterprises aiming to strengthen their security amid the complexities of today's digital landscape. Headquartered in Sunnyvale, California, CrowdStrike continues to set the standard for innovation and effectiveness in cybersecurity.",1535527,NASDAQ,USD,USA,TECHNOLOGY,SOFTWARE - INFRASTRUCTURE,"206 EAST 9TH STREET, AUSTIN, TX, UNITED STATES, 78701",https://www.crowdstrike.com,2025-01-31,2024-01-31,3953624000.0,3055555000.0,-19271000.0,89327000.0,2962143000.0,2299832000.0,29.391354434791715,-121.57354439307264,28.79823395795867
CCI,Common Stock,Crown Castle,"Crown Castle Inc. is a premier real estate investment trust (REIT) focused on shared communications infrastructure throughout the United States, boasting a comprehensive portfolio that includes over 40,000 cell towers and nearly 80,000 route miles of fiber. Headquartered in Houston, Texas, the company is strategically positioned to meet the increasing demand for mobile communications and broadband connectivity through its innovative small cell and fiber solutions. With its extensive operational footprint, Crown Castle plays a critical role in the expanding telecommunications sector, well-aligned with the ongoing surge in data consumption and wireless service needs.",1051470,NYSE,USD,USA,REAL ESTATE,REIT - SPECIALTY,"8020 KATY FREEWAY, HOUSTON, TX, UNITED STATES, 77024-1908",https://www.crowncastle.com,2024-12-31,2023-12-31,6568000000.0,6981000000.0,-3903000000.0,1502000000.0,4721000000.0,5001000000.0,-5.916057871365134,-359.8535286284954,-5.598880223955209
CSX,Common Stock,CSX Corporation,"CSX Corporation is a leading North American transportation company headquartered in Jacksonville, Florida, specializing in rail transportation and comprehensive logistics solutions. With a vast and efficient rail network, CSX plays a vital role in facilitating the movement of goods across diverse industries, addressing the rising demand for sustainable freight transport. The company's commitment to integrating advanced technologies enhances operational efficiency and customer service, positioning it as a pivotal player in the logistics and supply chain sectors. As the transportation industry continues to evolve, CSX is strategically poised to capitalize on growth opportunities and drive innovation.",277948,NASDAQ,USD,USA,INDUSTRIALS,RAILROADS,"500 WATER STREET, JACKSONVILLE, FL, UNITED STATES, 32202",https://www.csx.com,2024-12-31,2023-12-31,14540000000.0,14657000000.0,3470000000.0,3668000000.0,5506000000.0,5603000000.0,-0.7982533942825952,-5.39803707742639,-1.731215420310548
CMI,Common Stock,Cummins Inc,"Cummins Inc. (CMI), headquartered in Columbus, Indiana, stands as a preeminent player in the design, manufacture, and distribution of high-performance engines and associated technologies. The company delivers innovative power solutions across diverse industries, including automotive, industrial, and commercial sectors, while maintaining a robust commitment to sustainability through the development of cutting-edge emission control technologies and alternative fuel options. With a comprehensive service network supporting its extensive product portfolio, Cummins is strategically positioned to meet the changing energy demands of global markets and continue its leadership in the engine manufacturing industry.",26172,NYSE,USD,USA,INDUSTRIALS,SPECIALTY INDUSTRIAL MACHINERY,"500 JACKSON STREET, COLUMBUS, IN, UNITED STATES, 47202-3005",https://www.cummins.com,2024-12-31,2023-12-31,34102000000.0,34065000000.0,3946000000.0,735000000.0,8439000000.0,8249000000.0,0.10861588140319976,436.8707482993197,2.3033094920596437
CVS,Common Stock,CVS Health Corp,"CVS Health Corp is a diversified American healthcare leader headquartered in Woonsocket, Rhode Island, renowned for its extensive network that includes CVS Pharmacy, a prominent retail pharmacy chain, and CVS Caremark, a major pharmacy benefits manager. The strategic acquisition of Aetna has further bolstered its capabilities, enabling CVS to deliver integrated healthcare solutions that bridge the gap between pharmacy services and health insurance. By focusing on patient-centric care and innovative health solutions, CVS Health is well-positioned to advance healthcare access and enhance patient outcomes in a rapidly changing healthcare environment.",64803,NYSE,USD,USA,HEALTHCARE,HEALTHCARE PLANS,"ONE CVS DRIVE, WOONSOCKET, RI, UNITED STATES, 02895",https://www.cvshealth.com,2024-12-31,2023-12-31,372809000000.0,357776000000.0,4614000000.0,8344000000.0,51401000000.0,54431000000.0,4.201791064800322,-44.70278044103547,-5.56668075177748
DHR,Common Stock,Danaher Corporation,"Danaher Corporation is a prominent American diversified conglomerate based in Washington, D.C., recognized for its cutting-edge innovations across multiple sectors, including Life Sciences, Diagnostics, and Environmental & Applied Solutions. The company employs advanced technologies to advance healthcare and improve efficiencies in industrial processes worldwide, demonstrating a strong commitment to enhancing patient outcomes and operational performance. With a diverse portfolio of scientific and diagnostic products, Danaher maintains a leadership position in the global market, poised for continued growth and impact across its core sectors.",313616,NYSE,USD,USA,HEALTHCARE,DIAGNOSTICS & RESEARCH,"2200 PENNSYLVANIA AVENUE N.W., WASHINGTON, DC, UNITED STATES, 20037-1701",https://www.danaher.com,2024-12-31,2023-12-31,23875000000.0,23890000000.0,3899000000.0,4743000000.0,14206000000.0,14034000000.0,-0.06278777731268313,-17.794644739616277,1.2255949836112299
DRI,Common Stock,Darden Restaurants Inc,"Darden Restaurants, Inc. is a leading multi-brand restaurant operator based in Orlando, Florida, renowned for its diverse portfolio that features popular brands such as Olive Garden, LongHorn Steakhouse, and Cheddar's Scratch Kitchen. Committed to delivering outstanding dining experiences, Darden prioritizes quality, innovation, and guest satisfaction, solidifying its position in the casual dining sector. The company's strategic focus on operational efficiency and market expansion is complemented by its responsiveness to changing consumer preferences, positioning Darden for sustained growth in an evolving industry landscape.",940944,NYSE,USD,USA,CONSUMER CYCLICAL,RESTAURANTS,"1000 DARDEN CENTER DRIVE, ORLANDO, FL, UNITED STATES, 32837",https://www.darden.com,2025-05-31,2024-05-31,12076700000.0,11390000000.0,1049600000.0,1027600000.0,2642600000.0,2434500000.0,6.028972783143108,2.140910860256909,8.547956459231877
DDOG,Common Stock,Datadog Inc,"Datadog, Inc. is a premier provider of cloud-based monitoring and analytics solutions that optimize application performance and enhance operational efficiency for developers and IT teams. The company’s robust platform offers real-time insights across the entire technology stack, empowering organizations to proactively manage their cloud environments. Headquartered in New York, Datadog is strategically positioned within the rapidly expanding observability market, catering to a diverse global clientele and driving value in an increasingly digital landscape.",1561550,NASDAQ,USD,USA,TECHNOLOGY,SOFTWARE - APPLICATION,"620 8TH AVENUE, NEW YORK, NY, UNITED STATES, 10018",https://www.datadoghq.com,2024-12-31,2023-12-31,2684275000.0,2128359000.0,183746000.0,48568000.0,2167919000.0,1717626000.0,26.119465748024652,278.32729369131937,26.216009771626652
DVA,Common Stock,DaVita HealthCare Partners Inc,"DaVita HealthCare Partners Inc. is a premier provider of kidney care services, renowned for its expansive network of outpatient dialysis centers throughout the United States. The company is dedicated to enhancing the quality of life for patients with chronic kidney disease by utilizing cutting-edge treatment technologies and innovative care delivery models. As a leader in the renal care sector, DaVita's integrated approach significantly improves patient outcomes, positioning it as a compelling investment opportunity for institutional investors focused on growth within the evolving healthcare landscape.",927066,NYSE,USD,USA,HEALTHCARE,MEDICAL CARE FACILITIES,"2000 16TH STREET, DENVER, CO, UNITED STATES, 80202",https://www.davita.com,2024-12-31,2023-12-31,12815550000.0,12140147000.0,936342000.0,691535000.0,4217029000.0,3820430000.0,5.563384034806168,35.400522027084676,10.381004232507859
DAY,Common Stock,Dayforce Inc.,"Dayforce Inc. is a premier provider of human capital management (HCM) software, renowned for its advanced solutions tailored to enhance workforce management, payroll processing, and talent acquisition across the U.S., Canada, and international markets. Based in Minneapolis, Minnesota, the company's cutting-edge platform not only streamlines HR operations but also empowers organizations with actionable insights that drive employee engagement and productivity. By focusing on technological innovation and user experience, Dayforce positions itself as a strategic partner for businesses aiming to optimize their human resource functions and achieve operational excellence.",1725057,NYSE,USD,USA,TECHNOLOGY,SOFTWARE - APPLICATION,"3311 EAST OLD SHAKOPEE ROAD, MINNEAPOLIS, MN, UNITED STATES, 55425",https://www.dayforce.com,2024-12-31,2023-12-31,1760000000.0,1513700000.0,18100000.0,54800000.0,812100000.0,646500000.0,16.271387989694126,-66.97080291970804,25.614849187935036
DECK,Common Stock,Deckers Outdoor Corporation,"Deckers Outdoor Corporation (DECK) is a prominent designer, marketer, and distributor specializing in premium footwear, apparel, and accessories, with a focus on casual lifestyle and high-performance sectors. Based in Goleta, California, the company boasts a portfolio of iconic brands, including UGG, HOKA ONE ONE, Teva, and Sanuk, which attract a wide-ranging consumer demographic. Committed to sustainability and quality, Deckers is strategically expanding its market footprint through robust e-commerce initiatives and international growth, positioning itself for long-term profitability and enhanced shareholder value.",910521,NYSE,USD,USA,CONSUMER CYCLICAL,FOOTWEAR & ACCESSORIES,"250 COROMAR DRIVE, GOLETA, CA, UNITED STATES, 93117",https://www.deckers.com,2025-03-31,2024-03-31,4985612000.0,4287763000.0,966091000.0,759563000.0,2885663000.0,2385488000.0,16.275363167227294,27.190371305605986,20.967407926596152
DE,Common Stock,Deere & Company,"Deere & Company, known for its iconic John Deere brand, is a leading American manufacturer renowned for its advanced machinery in agriculture, construction, and forestry, as well as diesel engines and drivetrains for heavy equipment. The company's dedication to innovation and sustainability has established it as a frontrunner in agricultural technology, delivering solutions that markedly improve productivity across diverse sectors. With a well-diversified product portfolio and a robust global footprint, Deere exhibits strong resilience and growth potential, making it an attractive investment opportunity for institutional investors looking to gain strategic exposure to the industrial and agricultural markets.",315189,NYSE,USD,USA,INDUSTRIALS,FARM & HEAVY CONSTRUCTION MACHINERY,"ONE JOHN DEERE PLACE, MOLINE, IL, UNITED STATES, 61265",https://www.deere.com/en,2024-10-31,2023-10-31,50518000000.0,60248000000.0,7100000000.0,10166000000.0,19495000000.0,22306000000.0,-16.149913690081,-30.15935471178438,-12.601990495830718
DELL,Common Stock,Dell Technologies Inc,"Dell Technologies Inc. is a prominent global leader in information technology solutions, specializing in a diverse portfolio that includes personal computers, servers, storage solutions, and cloud infrastructure. Headquartered in Round Rock, Texas, Dell employs cutting-edge technology and customer-centric services to facilitate digital transformation for businesses of all sizes. By maintaining a strong commitment to operational excellence and innovation, Dell positions itself as an essential player in the rapidly evolving digital ecosystem, continually enhancing its market share across multiple sectors.",1571996,NYSE,USD,USA,TECHNOLOGY,COMPUTER HARDWARE,"ONE DELL WAY, ROUND ROCK, TX, UNITED STATES, 78682",https://www.dell.com,2025-01-31,2024-01-31,95567000000.0,88425000000.0,4592000000.0,3388000000.0,21250000000.0,21069000000.0,8.076901328809726,35.53719008264463,0.8590820636954768
DAL,Common Stock,Delta Air Lines Inc,"Delta Air Lines, Inc. (DAL) is a premier U.S. airline and a prominent force in the global aviation sector, headquartered in Atlanta, Georgia. Operating a fleet of over 800 aircraft, Delta connects more than 300 destinations across 50 countries, offering a comprehensive domestic and international travel network. Renowned for its exceptional customer service, the airline pursues innovation through a robust operational strategy focused on enhancing efficiency and profitability. With a strong commitment to sustainability and advanced technology integration, Delta is strategically positioned to navigate evolving market challenges and create long-term value for its stakeholders.",27904,NYSE,USD,USA,INDUSTRIALS,AIRLINES,"1030 DELTA BOULEVARD, ATLANTA, GA, UNITED STATES, 30354-1989",https://www.delta.com,2024-12-31,2023-12-31,61643000000.0,58048000000.0,3457000000.0,4609000000.0,16557000000.0,15518000000.0,6.193150496141125,-24.994575829898025,6.695450444644928
DVN,Common Stock,Devon Energy Corporation,"Devon Energy Corporation (DVN) is a prominent American energy enterprise specializing in the exploration and production of oil and natural gas, with significant assets in the high-yield Permian Basin and Eagle Ford Shale. The company utilizes cutting-edge technology and best-in-class operational practices to enhance resource recovery and efficiency. Committed to sustainability, Devon prioritizes disciplined capital management while offering innovative energy solutions, thereby positioning itself as a key contributor to the evolution of domestic energy production and creating substantial long-term value for shareholders. With its strategic focus on high-growth regions, Devon is well-equipped to navigate the complexities of the energy market.",1090012,NYSE,USD,USA,ENERGY,OIL & GAS E&P,"333 WEST SHERIDAN AVENUE, OKLAHOMA CITY, OK, UNITED STATES, 73102-5015",https://www.devonenergy.com,2024-12-31,2023-12-31,15567000000.0,15140000000.0,2891000000.0,3747000000.0,4270000000.0,5200000000.0,2.820343461030383,-22.844942620763277,-17.884615384615383
DXCM,Common Stock,DexCom Inc,"DexCom, Inc. is a prominent leader in diabetes care, renowned for its groundbreaking continuous glucose monitoring (CGM) systems that empower patients to manage their diabetes effectively. Headquartered in San Diego, California, with a strategic manufacturing facility in Mesa, Arizona, the company is dedicated to advancing diabetes management through innovative technology and exceptional product quality. As a pioneer in glucose monitoring, DexCom is actively expanding its global presence to meet the rising demand for effective diabetes solutions, positioning itself as a key player in the evolving healthcare landscape.",1093557,NASDAQ,USD,USA,HEALTHCARE,MEDICAL DEVICES,"6340 SEQUENCE DRIVE, SAN DIEGO, CA, UNITED STATES, 92121",https://www.dexcom.com/global,2024-12-31,2023-12-31,4033000000.0,3622300000.0,576200000.0,541500000.0,2438200000.0,2288900000.0,11.338100102145047,6.408125577100646,6.522783869981214
FANG,Common Stock,Diamondback Energy Inc,"Diamondback Energy Inc. (FANG) is a prominent independent oil and natural gas company primarily engaged in the exploration, development, and production of hydrocarbons in the prolific Permian Basin of West Texas. With its headquarters in Midland, Texas, the company boasts a diversified asset portfolio and operational efficiencies that enable it to capitalize on emerging growth opportunities in the energy sector. Diamondback's dedication to sustainable practices and technological innovation solidifies its competitive advantage, making it an attractive investment for institutional investors looking to gain exposure to the U.S. energy landscape.",1539838,NASDAQ,USD,USA,ENERGY,OIL & GAS E&P,"500 WEST TEXAS AVENUE, MIDLAND, TX, UNITED STATES, 79701",https://www.diamondbackenergy.com,2024-12-31,2023-12-31,11023000000.0,8339000000.0,3338000000.0,3143000000.0,4972000000.0,4798000000.0,32.186113442858854,6.204263442570792,3.626511046269279
DLR,Common Stock,Digital Realty Trust Inc,"Digital Realty Trust, Inc. (DLR) is a premier real estate investment trust (REIT) that specializes in data center solutions, offering carrier-neutral facilities designed to maximize connectivity and operational flexibility for a diverse clientele. With a comprehensive global portfolio, the company delivers critical colocation and peering services that empower organizations to strengthen their digital infrastructure and streamline IT operations. As a key player in the digital economy, Digital Realty is committed to innovation, sustainability, and operational excellence, positioning itself as a vital partner for businesses navigating the evolving landscape of data services.",1297996,NYSE,USD,USA,REAL ESTATE,REIT - SPECIALTY,"2323 BRYAN STREET, DALLAS, TX, UNITED STATES, 75201",https://www.digitalrealty.com,2024-12-31,2023-12-31,5554968000.0,5477061000.0,602490000.0,948838000.0,3035853000.0,2878990000.0,1.4224234493645407,-36.50233232648777,5.448542718106002
DG,Common Stock,Dollar General Corporation,"Dollar General Corporation is a prominent discount retailer in the United States, boasting a comprehensive network of over 18,000 stores, primarily serving rural and underserved communities. Headquartered in Goodlettsville, Tennessee, the company provides a diverse assortment of products, including groceries, health and beauty items, and household essentials, all at competitive prices. With a strong emphasis on value and customer satisfaction, Dollar General is well-positioned for continued growth as it adapts its inventory and store formats to meet the dynamic needs of its customer base, while also enhancing its market presence through strategic expansion initiatives.",29534,NYSE,USD,USA,CONSUMER DEFENSIVE,DISCOUNT STORES,"100 MISSION RIDGE, GOODLETTSVILLE, TN, UNITED STATES, 37072",https://www.dollargeneral.com,2025-01-31,2024-01-31,40612308000.0,38691609000.0,1125253000.0,1661274000.0,12017497000.0,11719024000.0,4.964122841208283,-32.26565876550166,2.546910049847155
DLTR,Common Stock,Dollar Tree Inc,"Dollar Tree Inc. is a leading discount retail chain based in Chesapeake, Virginia, offering a diverse assortment of products, predominantly priced at $1 or less. With thousands of stores spread across the United States and Canada, the company serves a wide customer base striving for affordability in everyday essentials, seasonal goods, and more. Dollar Tree's unwavering commitment to low prices and value has enabled it to thrive in the competitive retail sector, while its ongoing expansion efforts and adaptability to evolving consumer trends further solidify its appeal as a strong investment opportunity.",935703,NASDAQ,USD,USA,CONSUMER DEFENSIVE,DISCOUNT STORES,"500 VOLVO PARKWAY, CHESAPEAKE, VA, UNITED STATES, 23320",https://www.dollartree.com,2025-01-31,2024-01-31,17578500000.0,16781100000.0,-3030100000.0,-998400000.0,6294400000.0,6019700000.0,4.7517743175358,203.49559294871793,4.5633503330730765
D,Common Stock,Dominion Energy Inc,"Dominion Energy, Inc. is a prominent power and energy provider headquartered in Richmond, Virginia, delivering electricity to customers in Virginia, North Carolina, and South Carolina, while also supplying natural gas services in regions like Utah, West Virginia, Ohio, and Georgia. The company maintains a robust and diverse generation portfolio spanning several states, including Indiana, Illinois, Connecticut, and Rhode Island, solidifying its position as a critical participant in the energy market. With a strong commitment to innovation and sustainability, Dominion is prioritizing investments in renewable energy projects to align with evolving regulatory frameworks and enhance its long-term growth trajectory, while meeting the increasing demand for clean energy solutions.",715957,NYSE,USD,USA,UTILITIES,UTILITIES - REGULATED ELECTRIC,"600 EAST CANAL STREET, RICHMOND, VA, UNITED STATES, 23219",https://www.dominionenergy.com,2024-12-31,2023-12-31,14459000000.0,14393000000.0,2124000000.0,1994000000.0,6922000000.0,6958000000.0,0.45855624261793926,6.519558676028084,-0.5173900546133947
DPZ,Common Stock,Domino's Pizza Inc Common Stock,"Domino's Pizza, Inc. (NYSE: DPZ) is a prominent American multinational pizza restaurant chain, headquartered in Ann Arbor, Michigan. Established in 1960, the company operates thousands of locations globally, distinguished by its commitment to quality food, exceptional customer service, and innovative technology-driven delivery solutions. Domino's strategically leverages digital platforms to enhance customer engagement and streamline operations, solidifying its position as a leader in the fast-casual dining sector. With a robust focus on growth and international expansion, DPZ presents a compelling investment opportunity within the dynamic food service industry.",1286681,NASDAQ,USD,USA,CONSUMER CYCLICAL,RESTAURANTS,"30 FRANK LLOYD WRIGHT DRIVE, ANN ARBOR, MI, UNITED STATES, 48105",https://ir.dominos.com,2024-12-31,2023-12-31,4706416000.0,4479358000.0,584170000.0,519118000.0,1848502000.0,1727417000.0,5.068985332273062,12.531254936257266,7.009598724569691
DASH,Common Stock,"DoorDash, Inc. Class A Common Stock","DoorDash, Inc. (DASH) is a prominent technology-centric logistics platform that specializes in on-demand delivery services, linking consumers with a diverse range of merchants and delivery providers. Headquartered in San Francisco, California, the company employs advanced data analytics to enhance delivery efficiency and customer satisfaction, establishing a formidable marketplace in the United States and beyond. As consumer preferences increasingly shift towards convenience, DoorDash is strategically expanding its service offerings and partnerships, positioning itself to capture significant market share in the evolving delivery and retail sectors.",1792789,NASDAQ,USD,USA,CONSUMER CYCLICAL,INTERNET RETAIL,"SOUTH TOWER, SAN FRANCISCO, CA, UNITED STATES, 94107",https://www.doordash.com,2024-12-31,2023-12-31,10722000000.0,8635000000.0,123000000.0,-558000000.0,5180000000.0,4046000000.0,24.169079328314997,-122.04301075268818,28.027681660899656
DOV,Common Stock,Dover Corporation,"Dover Corporation is a prominent American industrial conglomerate that excels in manufacturing and providing innovative solutions across multiple sectors, including fluid management, thermal and emissions technologies, and industrial equipment. Founded in 1955 and headquartered in Downers Grove, Illinois, the company boasts a rich portfolio of recognized brands and utilizes advanced engineering capabilities to enhance efficiency for its diverse customer base. With a strong commitment to sustainable practices and strategic growth, Dover is well-positioned to capitalize on opportunities in the evolving global marketplace, delivering long-term value to shareholders.",29905,NYSE,USD,USA,INDUSTRIALS,SPECIALTY INDUSTRIAL MACHINERY,"3005 HIGHLAND PARKWAY, DOWNERS GROVE, IL, UNITED STATES, 60515",https://www.dovercorporation.com,2024-12-31,2023-12-31,7745909000.0,8438134000.0,2697126000.0,1056828000.0,2958621000.0,3084633000.0,-8.203531728697364,155.2095516015851,-4.08515372817447
DOW,Common Stock,Dow Inc,"Dow Inc. is a premier American commodity chemical company based in Midland, Michigan, operating at the forefront of chemical, polymer, and agricultural product manufacturing. Renowned for its commitment to innovation and sustainability, Dow utilizes advanced technologies and a robust global footprint to meet the needs of diverse sectors, including packaging, infrastructure, and consumer care. This strategic focus on developing sustainable solutions not only enhances Dow's competitive edge but also aligns with the increasing demand for eco-friendly products, positioning the company as an attractive opportunity for institutional investors aiming to capitalize on essential materials and growth driven by innovation.",1751788,NYSE,USD,USA,BASIC MATERIALS,CHEMICALS,"GLOBAL DOW CENTER, MIDLAND, MI, UNITED STATES, 48674",https://www.dow.com,2024-12-31,2023-12-31,42964000000.0,44622000000.0,1116000000.0,589000000.0,4455000000.0,4972000000.0,-3.7156559544619245,89.47368421052632,-10.398230088495575
DHI,Common Stock,DR Horton Inc,"D.R. Horton, Inc. (Ticker: DHI) is one of the largest homebuilders in the United States, headquartered in Arlington, Texas. The company is renowned for its extensive portfolio, offering homes across various price points including entry-level, move-up, and luxury segments, which positions it favorably within the diverse U.S. housing market. With a strong commitment to quality construction, customer satisfaction, and innovative home designs, D.R. Horton has established a significant national footprint, operating in multiple states. Its consistent financial performance and strategic market presence make D.R. Horton a compelling opportunity for institutional investors seeking stability and growth in the residential construction sector.",882184,NYSE,USD,USA,CONSUMER CYCLICAL,RESIDENTIAL CONSTRUCTION,"1341 HORTON CIRCLE, ARLINGTON, TX, UNITED STATES, 76011",https://www.drhorton.com,2025-09-30,2024-09-30,34250400000.0,36801400000.0,3585200000.0,4756400000.0,8116200000.0,9535400000.0,-6.931801507551342,-24.623664956689932,-14.883486796568576
DTE,Common Stock,DTE Energy Company,"DTE Energy Company, based in Detroit, is a prominent diversified energy provider committed to delivering sustainable and reliable energy solutions in the United States and Canada. With a legacy rooted in its origins as Detroit Edison, DTE has broadened its scope to include electricity generation, natural gas distribution, and significant investments in renewable energy initiatives. As a leader in the transition towards clean energy, the company focuses on innovative technologies and infrastructure improvements, including smart grid enhancements, aimed at reducing carbon emissions and enhancing energy efficiency. This strategic emphasis on sustainability positions DTE Energy as an appealing option for institutional investors seeking growth opportunities within the evolving energy landscape.",936340,NYSE,USD,USA,UTILITIES,UTILITIES - REGULATED ELECTRIC,"ONE ENERGY PLAZA, DETROIT, MI, UNITED STATES, 48226-1279",https://www.dteenergy.com,2024-12-31,2023-12-31,12457000000.0,12745000000.0,1404000000.0,1397000000.0,4338000000.0,4327000000.0,-2.2597096900745393,0.5010737294201861,0.2542177027963947
DUK,Common Stock,Duke Energy Corporation,"Duke Energy Corporation, based in Charlotte, North Carolina, is a prominent energy provider in the United States, specializing in the generation, transmission, and distribution of electricity and natural gas. Serving approximately 7.7 million customers across six states, the company boasts a balanced energy portfolio that encompasses nuclear, renewables, and fossil fuels. Duke Energy is dedicated to advancing its clean energy initiatives through substantial investments in renewable resources and carbon reduction strategies, thereby playing a vital role in the shift towards a sustainable energy landscape. As a major utility player, Duke Energy emphasizes reliable service and adapts to changing regulatory and environmental standards, ensuring its long-term viability and commitment to sustainable practices.",1326160,NYSE,USD,USA,UTILITIES,UTILITIES - REGULATED ELECTRIC,"525 SOUTH TRYON STREET, CHARLOTTE, NC, UNITED STATES, 28202",https://www.duke-energy.com,2024-12-31,2023-12-31,30357000000.0,29060000000.0,4510000000.0,4296000000.0,15197000000.0,13756000000.0,4.463179628355127,4.981378026070764,10.475428903751089
DD,Common Stock,Dupont De Nemours Inc,"DuPont de Nemours, Inc. (Ticker: DD) is a premier American science and technology enterprise, delivering advanced materials and innovative solutions across various sectors, including electronics, construction, and agriculture. Born from the strategic merger of Dow Chemical and E. I. du Pont de Nemours and Company in 2017, DuPont has effectively refined its portfolio through the successful spinoffs of Dow Inc. and Corteva. Committed to sustainability and high-performance products, the company leverages its extensive R&D capabilities to address global challenges, thereby positioning itself for sustained growth and a leadership role in the evolving marketplace.",1666700,NYSE,USD,USA,BASIC MATERIALS,SPECIALTY CHEMICALS,"BUILDING 730, WILMINGTON, DE, UNITED STATES, 19805",https://www.dupont.com,2024-12-31,2023-12-31,12386000000.0,12068000000.0,703000000.0,423000000.0,3912000000.0,3633000000.0,2.635067948293006,66.19385342789597,7.679603633360858
EMN,Common Stock,Eastman Chemical Company,"Eastman Chemical Company (EMN) is a distinguished American specialty materials firm that manufactures a wide range of advanced materials, chemicals, and fibers tailored for diverse sectors, including automotive, textiles, and packaging. Established as a subsidiary of Kodak and now headquartered in Kingsport, Tennessee, Eastman has established a strong reputation for innovation, sustainability, and operational excellence. The company’s commitment to environmental stewardship is evident in its cutting-edge solutions that address modern challenges while driving growth in the global market. With a robust technological foundation and a highly skilled workforce, Eastman is well-positioned to navigate and capitalize on emerging opportunities in an evolving industry landscape.",915389,NYSE,USD,USA,BASIC MATERIALS,SPECIALTY CHEMICALS,"200 SOUTH WILCOX DRIVE, KINGSPORT, TN, UNITED STATES, 37662",https://www.eastman.com,2024-12-31,2023-12-31,9382000000.0,9210000000.0,905000000.0,894000000.0,2290000000.0,2061000000.0,1.8675352877307274,1.2304250559284116,11.11111111111111
ETN,Common Stock,Eaton Corporation PLC,"Eaton Corporation PLC is a premier multinational power management company based in Dublin, Ireland, and operationally headquartered in Beachwood, Ohio. With reported sales of $17.86 billion in 2020, Eaton has established a formidable presence in the global energy market, offering innovative solutions across electrical, hydraulic, and mechanical power sectors. The company's diverse portfolio serves various industries including aerospace, automotive, and electrical engineering, while its strong emphasis on sustainability positions Eaton as a leader in energy management and operational efficiency, committed to reducing environmental impact globally.",1551182,NYSE,USD,USA,INDUSTRIALS,SPECIALTY INDUSTRIAL MACHINERY,"EATON HOUSE, DUBLIN, IRELAND, D04 Y0C2",https://www.eaton.com,2024-12-31,2023-12-31,24878000000.0,23196000000.0,3794000000.0,3218000000.0,9499000000.0,23196000000.0,7.251250215554405,17.899316345556247,-59.04897396102776
EBAY,Common Stock,eBay Inc,"eBay Inc. is a prominent American multinational e-commerce platform based in San Jose, California, specializing in facilitating consumer-to-consumer and business-to-consumer transactions through its extensive online marketplace. Founded in 1995, eBay has revolutionized global commerce by enabling individuals and organizations to buy and sell a vast array of products across diverse categories. The company's commitment to enhancing user experience and maintaining security has cultivated a dynamic community of buyers and sellers. By leveraging innovative features such as auctions and fixed-price listings, eBay continues to solidify its position as a key player in the digital retail sector, adapting proactively to evolving market trends and consumer behaviors.",1065088,NASDAQ,USD,USA,CONSUMER CYCLICAL,INTERNET RETAIL,"2025 HAMILTON AVENUE, SAN JOSE, CA, UNITED STATES, 95125",https://www.ebayinc.com,2024-12-31,2023-12-31,10283000000.0,10112000000.0,1975000000.0,2767000000.0,7403000000.0,7279000000.0,1.6910601265822784,-28.623057462956268,1.7035307047671384
ECL,Common Stock,Ecolab Inc,"Ecolab Inc. (ECL), headquartered in St. Paul, Minnesota, is a preeminent global provider of water, hygiene, and energy solutions, serving a multitude of industries including food and beverage, healthcare, and hospitality. The company excels in delivering innovative technologies for water treatment and advanced cleaning processes, enhancing both operational efficiency and sustainability for its clients. Ecolab's dedication to environmental stewardship aligns with the increasing demand for responsible resource management, positioning the company favorably in the face of evolving regulatory challenges and market demands. With a strong focus on sustainability and a comprehensive product portfolio, Ecolab is well-equipped to drive growth and create long-term value for its stakeholders.",31462,NYSE,USD,USA,BASIC MATERIALS,SPECIALTY CHEMICALS,"1 ECOLAB PLACE, SAINT PAUL, MN, UNITED STATES, 55102-2233",https://www.ecolab.com,2024-12-31,2023-12-31,15741400000.0,15320200000.0,2112400000.0,1372300000.0,6843000000.0,6177200000.0,2.749311366692341,53.93135611746702,10.778346176261088
EIX,Common Stock,Edison International,"Edison International (EIX) is a prominent public utility holding company based in Rosemead, California, primarily through its subsidiary, Southern California Edison (SCE), which provides electricity to millions in the region. The company is at the forefront of the transition to renewable energy, leveraging its Edison Energy segment to develop innovative solutions that address the evolving energy landscape. With a steadfast commitment to environmental sustainability and operational reliability, Edison International is well-positioned to benefit from the growing demand for clean energy while enhancing shareholder value in the dynamic utility sector.",827052,NYSE,USD,USA,UTILITIES,UTILITIES - REGULATED ELECTRIC,"2244 WALNUT GROVE AVENUE, ROSEMEAD, CA, UNITED STATES, 91770",https://www.edison.com,2024-12-31,2023-12-31,17599000000.0,16338000000.0,1546000000.0,1407000000.0,7218000000.0,6714000000.0,7.718202962418901,9.879175550817342,7.506702412868632
EW,Common Stock,Edwards Lifesciences Corp,"Edwards Lifesciences Corp is a prominent American medical technology firm headquartered in Irvine, California, specializing in heart valve therapies and hemodynamic monitoring. Renowned for its innovative transcatheter heart valve technologies, the company is dedicated to developing advanced solutions for patients with heart diseases, ultimately aiming to enhance clinical outcomes and improve patient quality of life. With a strong market presence and a pipeline rich in cutting-edge products, Edwards is well-positioned to influence the future of cardiac care and drive sustainable growth within the healthcare sector.",1099800,NYSE,USD,USA,HEALTHCARE,MEDICAL DEVICES,"ONE EDWARDS WAY, IRVINE, CA, UNITED STATES, 92614",https://www.edwards.com,2024-12-31,2023-12-31,5439500000.0,6004800000.0,4174600000.0,1402400000.0,4322000000.0,4625000000.0,-9.414135358379964,197.67541357672562,-6.551351351351352
EA,Common Stock,Electronic Arts Inc,"Electronic Arts Inc. (EA) is a premier American video game company based in Redwood City, California, recognized for its influential role in the development and publishing of interactive entertainment software. As the second-largest gaming entity by revenue and market capitalization in the Americas and Europe, EA offers a robust portfolio of iconic franchises, including FIFA, Madden NFL, and The Sims. The company is focused on innovation and player engagement, effectively leveraging live services and subscription models to enhance its digital presence, thereby strategically positioning itself for sustained growth in an increasingly competitive gaming landscape.",712515,NASDAQ,USD,USA,COMMUNICATION SERVICES,ELECTRONIC GAMING & MULTIMEDIA,"209 REDWOOD SHORES PARKWAY, REDWOOD CITY, CA, UNITED STATES, 94065",https://www.ea.com,2025-03-31,2024-03-31,7463000000.0,7562000000.0,1121000000.0,1273000000.0,5920000000.0,5852000000.0,-1.3091774662787623,-11.940298507462686,1.1619958988380041
ELV,Common Stock,Elevance Health Inc,"Elevance Health Inc. is a prominent health benefits provider headquartered in Indianapolis, Indiana, focusing on delivering a comprehensive range of health insurance and wellness services. The company utilizes cutting-edge data analytics and technology to enhance consumer health outcomes through personalized care solutions. Operating across multiple segments, including individual and group insurance, Elevance emphasizes value-based care to meet the dynamic needs of its members. Furthermore, through strategic acquisitions and partnerships, Elevance is strategically expanding its presence in the healthcare industry, positioning itself as a transformative leader in improving efficiency and health interactions.",1156039,NYSE,USD,USA,HEALTHCARE,HEALTHCARE PLANS,"220 VIRGINIA AVENUE, INDIANAPOLIS, IN, UNITED STATES, 46204",https://www.elevancehealth.com,2024-12-31,2023-12-31,176810000000.0,171340000000.0,5980000000.0,5987000000.0,176810000000.0,171340000000.0,3.1924827827710986,-0.11691999331885754,3.1924827827710986
EME,Common Stock,EMCOR Group Inc,"EMCOR Group, Inc. (EME) is a premier provider of mechanical and electrical construction services in the United States, excelling in the design, installation, and maintenance of sophisticated systems for a diverse range of sectors, including commercial, industrial, and governmental. Based in Norwalk, Connecticut, the company harnesses its deep industry knowledge and technical expertise to offer innovative solutions that promote operational efficiency and sustainability. EMCOR's unwavering dedication to safety, quality, and customer satisfaction, paired with its comprehensive service portfolio, solidifies its status as a reliable partner within the construction sector, making it an attractive investment opportunity for institutional investors seeking stability and growth potential.",105634,NYSE,USD,USA,INDUSTRIALS,ENGINEERING & CONSTRUCTION,"301 MERRITT SEVEN, NORWALK, CT, UNITED STATES, 06851-1092",https://www.emcorgroup.com,2024-12-31,2023-12-31,14566116000.0,12582873000.0,1007145000.0,632994000.0,2765051000.0,2089339000.0,15.761448120790856,59.10814320514886,32.34094610783602
EMR,Common Stock,Emerson Electric Company,"Emerson Electric Company (Ticker: EMR) is a leading American multinational headquartered in Ferguson, Missouri, specializing in automation solutions and technology-driven services for diverse industrial, commercial, and consumer sectors. With a robust product portfolio, Emerson offers innovative solutions that enhance operational efficiency and sustainability, positioning itself as a key partner in the global industrial landscape. The company leverages its extensive engineering expertise and commitment to innovation to deliver high-quality products and services, making it a compelling choice for investors seeking exposure to advancements in automation and control technologies.",32604,NYSE,USD,USA,INDUSTRIALS,SPECIALTY INDUSTRIAL MACHINERY,"8027 FORSYTH BLVD., SAINT LOUIS, MO, UNITED STATES, 63105",https://www.emerson.com,2025-09-30,2024-09-30,18016000000.0,17492000000.0,2293000000.0,1968000000.0,9519000000.0,8885000000.0,2.995655156643037,16.51422764227642,7.135621834552616
ETR,Common Stock,Entergy Corporation,"Entergy Corporation (ETR) is a prominent integrated energy company primarily engaged in the generation and distribution of electric power across the Deep South region of the United States. The company boasts a diverse energy portfolio that includes nuclear, natural gas, and renewable energy, underscoring its commitment to sustainability and a cleaner energy future. Serving millions of residential and commercial customers through its regulated utilities, Entergy is dedicated to providing reliable electricity while enhancing its environmental stewardship efforts. With strategic investments in operational excellence and innovation, Entergy is well-placed to generate long-term value for shareholders in an evolving energy landscape.",65984,NYSE,USD,USA,UTILITIES,UTILITIES - REGULATED ELECTRIC,"639 LOYOLA AVENUE, NEW ORLEANS, LA, UNITED STATES, 70113",https://www.entergy.com,2024-12-31,2023-12-31,11879653000.0,12147412000.0,1061184000.0,2362310000.0,5738287000.0,5329436000.0,-2.2042472915218485,-55.07854599946662,7.671562244109883
EOG,Common Stock,EOG Resources Inc,"EOG Resources, Inc. (EOG) is a leading independent oil and gas company based in Houston, Texas, renowned for its expertise in the exploration, development, and production of hydrocarbon resources. As one of the largest operators in the U.S., EOG boasts a diversified asset base with significant holdings in premier resource plays across domestic basins. The company is distinguished by its focus on operational excellence and technological advancements, which enhance production efficiency and resource management. Committed to sustainable practices, EOG is strategically positioned to adapt to the dynamic global energy market, delivering long-term value to its investors and stakeholders.",821189,NYSE,USD,USA,ENERGY,OIL & GAS E&P,"1111 BAGBY STREET, HOUSTON, TX, UNITED STATES, 77002",https://www.eogresources.com,2024-12-31,2023-12-31,23378000000.0,23182000000.0,6403000000.0,7594000000.0,17698000000.0,18236000000.0,0.8454835648347856,-15.683434290229128,-2.950208379030489
EPAM,Common Stock,EPAM Systems Inc,"EPAM Systems, Inc. is a premier global provider of digital platform engineering and software development services, serving a wide array of industries across North America, Europe, and Asia. Based in Newtown, Pennsylvania, the company harnesses its deep technological expertise and focus on digital transformation to deliver innovative solutions that enhance client business performance. With a robust footprint in emerging markets and a relentless commitment to quality and continuous improvement, EPAM is strategically positioned to seize growth opportunities in the ever-evolving demand for integrated, scalable digital services.",1352010,NYSE,USD,USA,TECHNOLOGY,INFORMATION TECHNOLOGY SERVICES,"41 UNIVERSITY DRIVE, NEWTOWN, PA, UNITED STATES, 18940",https://www.epam.com,2024-12-31,2023-12-31,4727940000.0,4690540000.0,454533000.0,417083000.0,1450443000.0,1434026000.0,0.7973495588994017,8.979028155067455,1.144818852656786
EQT,Common Stock,EQT Corporation,"EQT Corporation is a prominent player in the U.S. natural gas sector, based in Pittsburgh, Pennsylvania, specializing in the development and production of natural gas from prolific shale formations, specifically the Marcellus and Utica Shales. As one of the largest independent natural gas producers in the country, EQT employs cutting-edge technology and emphasizes operational efficiency to foster sustainable growth and maximize shareholder returns. The company is dedicated to environmental responsibility and is instrumental in the shift toward cleaner energy solutions, with strategic initiatives and a robust asset base that position it advantageously for the evolving natural gas market.",33213,NYSE,USD,USA,ENERGY,OIL & GAS E&P,"625 LIBERTY AVENUE, PITTSBURGH, PA, UNITED STATES, 15222",https://www.eqt.com,2024-12-31,2023-12-31,5222192000.0,5069982000.0,230577000.0,1735232000.0,767219000.0,941579000.0,3.0021802838747753,-86.7120362003467,-18.517830155515362
EFX,Common Stock,Equifax Inc,"Equifax Inc. is a premier American multinational consumer credit reporting agency, ranking among the top three players in the industry alongside Experian and TransUnion. The company delivers a wide array of credit and demographic data solutions that enable businesses to make informed decisions, while also offering consumer-focused services such as credit monitoring and fraud prevention. With a robust commitment to innovation and advanced data analytics, Equifax is well-positioned to drive growth and maintain its pivotal role in the dynamic financial services sector. As digital transformation reshapes the landscape, Equifax's strategic focus on security and consumer awareness further solidifies its relevance and competitive edge.",33185,NYSE,USD,USA,INDUSTRIALS,CONSULTING SERVICES,"1550 PEACHTREE STREET, NW, ATLANTA, GA, UNITED STATES, 30309",https://www.equifax.com,2024-12-31,2023-12-31,5681100000.0,5265200000.0,604100000.0,545300000.0,3162400000.0,2930100000.0,7.899035174352351,10.783055198973042,7.928057062898877
EQIX,Common Stock,Equinix Inc,"Equinix, Inc. is a premier global provider of interconnection and data center services, headquartered in Redwood City, California. Operating over 220 data centers in 27 countries, Equinix plays a crucial role in enabling seamless connectivity among businesses, networks, and cloud service providers, which is essential for digital transformation in today's interconnected landscape. The company offers a comprehensive suite of services including colocation, interconnection, and cloud solutions, positioning it as a vital component of enterprise digital infrastructure. With a growing emphasis on data-driven solutions across diverse sectors, Equinix is strategically positioned to leverage increasing demand in the digital economy, reinforcing its leadership in the industry.",1101239,NASDAQ,USD,USA,REAL ESTATE,REIT - SPECIALTY,"ONE LAGOON DRIVE, REDWOOD CITY, CA, UNITED STATES, 94065-1562",https://www.equinix.com,2024-12-31,2023-12-31,8748000000.0,8188136000.0,815000000.0,969178000.0,4281000000.0,3960000000.0,6.837502454771147,-15.908120077013715,8.106060606060606
EQR,Common Stock,Equity Residential,"Equity Residential (EQR) is a leading publicly traded real estate investment trust (REIT) focused on the acquisition, development, and management of high-quality apartment communities across the United States. The company maintains a well-diversified portfolio in prime urban and suburban markets, strategically positioned to benefit from strong demographic trends that drive rental demand. Committed to maximizing shareholder value, Equity Residential prioritizes operational efficiency and sustainability while enhancing tenant experiences, reinforcing its status as a key player in the multifamily housing sector.",906107,NYSE,USD,USA,REAL ESTATE,REIT - RESIDENTIAL,"TWO NORTH RIVERSIDE PLAZA, CHICAGO, IL, UNITED STATES, 60606-2609",https://www.equityapartments.com,2024-12-31,2023-12-31,2980108000.0,2873964000.0,1035831000.0,835438000.0,1885543000.0,2179311000.0,3.6932960886079296,23.98657949482786,-13.479856707005103
ERIE,Common Stock,Erie Indemnity Company,"Erie Indemnity Company, headquartered in Erie, Pennsylvania, acts as the administrative agent for the Erie Insurance Exchange, overseeing the management and distribution of a diverse portfolio of insurance products across the United States. The company plays an integral role within the Erie Insurance Group, which encompasses a wide range of offerings, including property, casualty, and life insurance. Renowned for its commitment to exceptional customer service and active community engagement, Erie Indemnity is well-equipped to leverage ongoing demand for innovative insurance solutions amidst evolving market conditions, positioning itself as a stable player in the insurance sector.",922621,NASDAQ,USD,USA,FINANCIAL SERVICES,INSURANCE BROKERS,"100 ERIE INSURANCE PLACE, ERIE, PA, UNITED STATES, 16530",https://www.erieinsurance.com,2024-12-31,2023-12-31,3795115000.0,3268940000.0,600314000.0,446061000.0,676455000.0,560532000.0,16.0961963205198,34.581144731325985,20.68088886985935
ESS,Common Stock,Essex Property Trust Inc,"Essex Property Trust Inc. is a prominent publicly traded real estate investment trust (REIT) specializing in the acquisition, development, and management of high-quality apartment communities primarily located in major West Coast markets, including California and Washington. The company strategically targets urban and coastal areas to leverage favorable demographic trends and robust rental demand. Known for its commitment to sustainability and innovation, Essex enhances tenant satisfaction while maintaining a diverse portfolio. With a disciplined capital allocation strategy and strong operational capabilities, Essex is well-equipped to deliver sustained value and growth for its investors in the competitive multifamily housing sector.",920522,NYSE,USD,USA,REAL ESTATE,REIT - RESIDENTIAL,"1100 PARK PLACE, SAN MATEO, CA, UNITED STATES, 94403",https://www.essexapartmenthomes.com,2024-12-31,2023-12-31,1774450000.0,1669395000.0,741522000.0,405825000.0,1207635000.0,1137347000.0,6.292998361681927,82.7196451672519,6.179996078593429
EL,Common Stock,Estee Lauder Companies Inc,"The Estee Lauder Companies Inc. is a premier American multinational corporation specializing in high-quality skincare, makeup, fragrance, and hair care products, with a substantial portfolio of prestigious brands. Based in Midtown Manhattan, Estee Lauder effectively harnesses a comprehensive global distribution strategy that integrates cutting-edge digital commerce with established retail channels to enhance market penetration and customer loyalty. The company’s unwavering dedication to innovation and sustainable practices not only sets it apart in the dynamic beauty industry but also positions it as a compelling investment opportunity for institutional investors looking to capitalize on growth within the luxury consumer goods sector.",1001250,NYSE,USD,USA,CONSUMER DEFENSIVE,HOUSEHOLD & PERSONAL PRODUCTS,"767 FIFTH AVENUE, NEW YORK, NY, UNITED STATES, 10153",https://www.elcompanies.com,2025-06-30,2024-06-30,14288000000.0,15608000000.0,-1133000000.0,390000000.0,10558000000.0,11184000000.0,-8.457201435161457,-390.5128205128205,-5.59728183118741
EG,Common Stock,Everest Group Ltd,"Everest Group Ltd. is a prominent provider of reinsurance and insurance solutions, headquartered in Hamilton, Bermuda, with operations spanning the United States and numerous international markets. Capitalizing on its extensive industry expertise and strong capital foundation, the company delivers innovative risk management solutions tailored to meet client needs. With a strategic focus on forging valuable partnerships and offering a diverse product portfolio, Everest Group is strategically positioned to adapt to the evolving insurance landscape and seize emerging growth opportunities.",1095073,NYSE,USD,USA,FINANCIAL SERVICES,INSURANCE - REINSURANCE,"SEON PLACE, HAMILTON, BERMUDA, HM 19",https://www.everestglobal.com,2024-12-31,2023-12-31,17076000000.0,14464000000.0,1373000000.0,2517000000.0,5771000000.0,6037000000.0,18.058628318584073,-45.45093365117203,-4.406162000993871
EVRG,Common Stock,"Evergy, Inc.","Evergy, Inc. is a leading investor-owned utility operating across Kansas and Missouri, serving about 1.6 million customers with a focus on dependable electric service and sustainable energy solutions. Resulting from the merger of Westar Energy and Great Plains Energy, Evergy is at the forefront of the transition to clean energy, actively pursuing initiatives to reduce its carbon emissions and strengthen infrastructure. The company promotes a diverse energy portfolio that aligns with its commitment to environmental stewardship while delivering value to shareholders and supporting the economic vitality of its communities.",1711269,NASDAQ,USD,USA,UTILITIES,UTILITIES - REGULATED ELECTRIC,"1200 MAIN STREET, KANSAS CITY, MO, UNITED STATES, 64105",https://investors.evergy.com,2024-12-31,2023-12-31,5823700000.0,5485300000.0,873500000.0,731300000.0,1897000000.0,1666100000.0,6.169215904326108,19.444824285518937,13.858711962067103
ES,Common Stock,Eversource Energy,"Eversource Energy (ES) is a prominent publicly traded utility company headquartered in Hartford, Connecticut, and Boston, Massachusetts, recognized on the Fortune 500 list. Serving approximately 4 million customers across Connecticut, Massachusetts, and New Hampshire, Eversource is a leader in the transmission and distribution of electricity and natural gas. The company prioritizes sustainability and innovation, with a robust commitment to enhancing energy efficiency and expanding its renewable energy initiatives. Eversource's strategic investments in infrastructure and technology position it as a key player in the transition toward a cleaner and more sustainable energy future.",72741,NYSE,USD,USA,UTILITIES,UTILITIES - REGULATED ELECTRIC,"300 CADWELL DRIVE, SPRINGFIELD, MA, UNITED STATES, 01104",https://www.eversource.com,2024-12-31,2023-12-31,11900809000.0,11910705000.0,811653000.0,-442240000.0,3703610000.0,4846761000.0,-0.0830849223450669,-283.532244934877,-23.58587518551049
EXC,Common Stock,Exelon Corporation,"Exelon Corporation (Ticker: EXC) is a prominent American energy provider and one of the largest utilities in the United States, headquartered in Chicago, Illinois. As a Fortune 100 company, Exelon boasts a diversified portfolio encompassing nuclear, solar, and wind generation assets, enabling it to deliver reliable electricity to millions of customers across multiple states. With a steadfast commitment to advancing clean energy solutions and enhancing grid resilience, Exelon is strategically positioned to lead the transition to a sustainable energy future. The company's focus on innovation and regulatory compliance further reinforces its ability to adapt to the evolving energy market, ensuring long-term value for its stakeholders.",1109357,NASDAQ,USD,USA,UTILITIES,UTILITIES - REGULATED ELECTRIC,"10 SOUTH DEARBORN STREET, CHICAGO, IL, UNITED STATES, 60680-5379",https://www.exeloncorp.com,2024-12-31,2023-12-31,23028000000.0,21727000000.0,2460000000.0,2328000000.0,9405000000.0,8927000000.0,5.987941271229346,5.670103092783505,5.354542399462305
EXE,Common Stock,Expand Energy Corporation,"Expand Energy Corporation (EXE) is an independent exploration and production company headquartered in Oklahoma City, Oklahoma, that specializes in the development of oil and natural gas resources throughout the United States. The company is dedicated to sustainable energy practices, utilizing advanced technologies to maximize production efficiency and strategically targeting high-potential reserves. Focused on enhancing shareholder value, Expand Energy employs disciplined capital allocation and a strong operational framework, thereby establishing itself as a significant contributor in the domestic energy landscape.",895126,NASDAQ,USD,USA,ENERGY,OIL & GAS E&P,"6100 NORTH WESTERN AVENUE, OKLAHOMA CITY, OK, UNITED STATES, 73118",https://www.expandenergy.com,2024-12-31,2023-12-31,4221000000.0,7775000000.0,-714000000.0,2419000000.0,1141000000.0,5039000000.0,-45.71061093247589,-129.51632906159568,-77.35661837666203
EXPE,Common Stock,Expedia Group Inc.,"Expedia Group, Inc. is a leading online travel shopping platform in the United States, catering to both consumers and small businesses through a diverse portfolio of renowned brands such as Expedia.com, Vrbo, and Hotels.com. The company leverages advanced technology to enhance user experience, offering personalized travel solutions and fare aggregation services. As a key player in the global travel industry, Expedia Group is committed to innovation and market expansion, positioning itself to capitalize on the increasing demand for digital travel services. Its strategic initiatives are aimed at redefining the travel planning process in an increasingly digital landscape.",1324424,NASDAQ,USD,USA,CONSUMER CYCLICAL,TRAVEL SERVICES,"1111 EXPEDIA GROUP WAY WEST, SEATTLE, WA, UNITED STATES, 98119",https://www.expediagroup.com,2024-12-31,2023-12-31,13691000000.0,12839000000.0,1234000000.0,797000000.0,12248000000.0,11266000000.0,6.636030843523639,54.8306148055207,8.716492100124269
EXPD,Common Stock,"Expeditors International of Washington, Inc.","Expeditors International of Washington, Inc. (EXPD) is a premier logistics and freight forwarding company based in Seattle, Washington, recognized for its extensive global network and innovative supply chain solutions. Specializing in air and ocean freight forwarding, customs brokerage, and distribution services, Expeditors leverages cutting-edge technology and data analytics to optimize operational efficiency and meet the unique needs of its diverse clientele. Committed to sustainability and customer-centric practices, the company is well-positioned for continued growth and remains a significant player in the evolving global logistics landscape.",746515,NASDAQ,USD,USA,INDUSTRIALS,INTEGRATED FREIGHT & LOGISTICS,"STERLING PLAZA 2, BELLEVUE, WA, UNITED STATES, 98006",https://www.expeditors.com,2024-12-31,2023-12-31,10600515000.0,9300110000.0,810073000.0,752883000.0,1349040000.0,1245476000.0,13.98268407577975,7.596133795025256,8.315214424043498
EXR,Common Stock,Extra Space Storage Inc,"Extra Space Storage Inc. (EXR), headquartered in Cottonwood Heights, Utah, is a premier real estate investment trust (REIT) specializing in self-storage property management, acquisition, and development throughout the United States. With a diverse portfolio exceeding 2,200 facilities, the company excels in providing secure and accessible storage solutions tailored to both residential and commercial clients. Renowned for its innovative strategies and commitment to customer satisfaction, Extra Space Storage leverages advanced technology to enhance service delivery and operational efficiency, ensuring sustained growth and competitive financial performance. As a publicly traded firm, EXR is dedicated to maximizing shareholder value through strategic expansion and effective management practices.",1289490,NYSE,USD,USA,REAL ESTATE,REIT - INDUSTRIAL,"2795 EAST COTTONWOOD PARKWAY, SALT LAKE CITY, UT, UNITED STATES, 84121-7033",https://www.extraspace.com,2024-12-31,2023-12-31,3337904000.0,2615079000.0,854681000.0,803198000.0,2547117000.0,2021081000.0,27.640656362580252,6.409752016314782,26.027457583342777
XOM,Common Stock,Exxon Mobil Corp,"Exxon Mobil Corporation, headquartered in Irving, Texas, is a premier multinational oil and gas company and the largest successor to the iconic Standard Oil. Established through the merger of Exxon and Mobil in 1999, it boasts a robust global presence with a comprehensive portfolio encompassing upstream exploration and production, downstream refining, and marketing, as well as a diverse array of petrochemical products. The company operates under renowned brands including Exxon, Mobil, and Esso, reinforcing its substantial market footprint. As a key contributor to the energy sector, ExxonMobil is committed to operational excellence and innovative strategies aimed at navigating the transition toward a more sustainable energy future.",34088,NYSE,USD,USA,ENERGY,OIL & GAS INTEGRATED,"22777 SPRINGWOODS VILLAGE PARKWAY, SPRING, TX, UNITED STATES, 77389-1425",https://corporate.exxonmobil.com,2024-12-31,2023-12-31,339247000000.0,334697000000.0,33680000000.0,36010000000.0,76742000000.0,84142000000.0,1.3594385369453565,-6.4704248819772285,-8.794656651850444
FFIV,Common Stock,F5 Networks Inc,"F5 Networks, Inc. (FFIV), based in Seattle, Washington, is a premier provider of application delivery networking solutions, focusing on enhancing the availability, performance, and security of applications across multi-cloud environments. Their extensive portfolio includes services such as application and network security, access management, and online fraud prevention, which are critical for optimizing and safeguarding mission-critical applications. With a strong global footprint and a dedication to innovation, F5 enables organizations to effectively manage the complexities of modern IT infrastructures while securing their digital interactions.",1048695,NASDAQ,USD,USA,TECHNOLOGY,SOFTWARE - INFRASTRUCTURE,"801 5TH AVENUE, SEATTLE, WA, UNITED STATES, 98104",https://www.f5.com,2025-09-30,2024-09-30,3088072000.0,2816120000.0,692380000.0,566778000.0,2524344000.0,2258473000.0,9.656974844821955,22.160704896802628,11.77215755955462
FDS,Common Stock,FactSet Research Systems Inc,"FactSet Research Systems Inc. is a premier provider of integrated financial information and analytical applications, catering to investment professionals and corporate clients worldwide. Based in Norwalk, Connecticut, FactSet combines cutting-edge technology with extensive datasets to deliver actionable insights that inform strategic investment decisions. Renowned for its commitment to innovation, the company offers sophisticated tools that facilitate advanced financial modeling, reporting, and risk assessment, thereby establishing itself as a vital partner in the ever-evolving global financial market.",1013237,NYSE,USD,USA,FINANCIAL SERVICES,FINANCIAL DATA & STOCK EXCHANGES,"45 GLOVER AVENUE, NORWALK, CT, UNITED STATES, 06850",https://www.factset.com,2025-08-31,2024-08-31,2321748000.0,2203056000.0,597040000.0,537126000.0,1223966000.0,1191111000.0,5.387607033139421,11.154552190733645,2.7583491379057032
FICO,Common Stock,Fair Isaac Corporation,"Fair Isaac Corporation (FICO) is a prominent global leader in data analytics and software solutions, committed to optimizing decision-making processes across industries such as financial services, healthcare, and telecommunications. The company's cutting-edge offerings, which include advanced analytics, machine learning, and risk management tools, enable clients to effectively mitigate risk, enhance operational efficiency, and improve customer engagement. Based in San Jose, California, FICO plays a pivotal role in driving intelligent business transformation globally, underpinned by its robust portfolio of innovative products and services.",814547,NYSE,USD,USA,TECHNOLOGY,SOFTWARE - APPLICATION,"5 WEST MENDENHALL, BOZEMAN, MT, UNITED STATES, 59715",https://www.fico.com,2025-09-30,2024-09-30,1990869000.0,1717526000.0,651946000.0,512811000.0,1637147000.0,1369320000.0,15.914926469817633,27.131828295414877,19.559124236847484
FAST,Common Stock,Fastenal Company,"Fastenal Company, based in Winona, Minnesota, is a premier provider of industrial and construction supplies, with a robust presence through approximately 3,200 in-market locations. The company offers customized supply chain solutions designed to reduce inventory handling and waste, thereby improving operational efficiency for its diverse clientele. Fastenal's dedicated sales teams collaborate with businesses to optimize inventory management and procurement, solidifying the company's role as a vital partner in enhancing productivity and driving cost efficiencies across various sectors. With a strong commitment to customer service and innovation, Fastenal continues to strengthen its market leadership amid evolving industry needs.",815556,NASDAQ,USD,USA,INDUSTRIALS,INDUSTRIAL DISTRIBUTION,"2001 THEURER BOULEVARD, WINONA, MN, UNITED STATES, 55987-1500",https://www.fastenal.com,2024-12-31,2023-12-31,7546000000.0,7346700000.0,1150600000.0,1155000000.0,3401900000.0,3354500000.0,2.7127826098792656,-0.38095238095238093,1.4130272767923684
FRT,Common Stock,Federal Realty Investment Trust,"Federal Realty Investment Trust (FRT) is a premier real estate investment trust (REIT) focused on the ownership, operation, and development of high-quality retail and mixed-use properties situated in prime metropolitan markets across the Northeastern United States, Mid-Atlantic states, California, and South Florida. With a well-curated portfolio of strategically located shopping centers, FRT capitalizes on its deep market insights and strong tenant relationships to foster sustainable growth and enhance shareholder value. The company is committed to making strategic long-term investments that align with changing consumer trends, underscoring its resilience and adaptability in the dynamic retail sector.",34903,NYSE,USD,USA,REAL ESTATE,REIT - RETAIL,"909 ROSE AVENUE, NORTH BETHESDA, MD, UNITED STATES, 20852-4041",https://www.federalrealty.com,2024-12-31,2023-12-31,1202452000.0,1132154000.0,295208000.0,236985000.0,810653000.0,769059000.0,6.209225953359701,24.568221617401946,5.408427701905836
FDX,Common Stock,FedEx Corporation,"FedEx Corporation, a leading American multinational logistics and delivery services company headquartered in Memphis, Tennessee, specializes in providing a diverse range of transportation, e-commerce, and supply chain services. Established with a commitment to innovation and customer satisfaction, FedEx operates through multiple segments, including Express, Ground, Freight, and Trade Networks, allowing it to maintain a robust global presence. With a strong emphasis on technology and sustainability, the company is continuously evolving to meet the demands of a dynamic marketplace, positioning itself as a key player in the logistics industry. FedEx's extensive network and reputation for reliability make it a critical partner for businesses worldwide, driving efficiencies in supply chain management and enabling seamless global trade.",1048911,NYSE,USD,USA,INDUSTRIALS,INTEGRATED FREIGHT & LOGISTICS,"942 SOUTH SHADY GROVE ROAD, MEMPHIS, TN, UNITED STATES, 38120",https://www.fedex.com,2025-05-31,2024-05-31,87926000000.0,87693000000.0,4092000000.0,4331000000.0,18995000000.0,18952000000.0,0.2656996567570958,-5.5183560378665435,0.22688898269311947
FIS,Common Stock,Fidelity National Information Services Inc,"Fidelity National Information Services Inc (FIS) is a prominent American financial services technology company headquartered in Jacksonville, Florida, with a global workforce of around 63,000 employees. As a Fortune 500 entity, FIS specializes in delivering an extensive array of innovative FinTech solutions, categorized into three main segments: Merchant Solutions, Banking Solutions, and Capital Market Solutions. The company is recognized for its commitment to enhancing financial transactions and processes, empowering clients with cutting-edge technology and insights to thrive in a rapidly evolving market landscape.",1136893,NYSE,USD,USA,TECHNOLOGY,INFORMATION TECHNOLOGY SERVICES,"347 RIVERSIDE AVENUE, JACKSONVILLE, FL, UNITED STATES, 32202",https://www.fisglobal.com,2024-12-31,2023-12-31,10127000000.0,9831000000.0,1450000000.0,-6655000000.0,3804000000.0,3656000000.0,3.0108839385616926,-121.78812922614574,4.048140043763676
FITB,Common Stock,Fifth Third Bancorp,"Fifth Third Bancorp, based in Cincinnati, Ohio, is a prominent diversified bank holding company that operates primarily through its subsidiary, Fifth Third Bank. It offers a comprehensive range of financial services, including retail and commercial banking, wealth management, and investment solutions, firmly establishing itself as a significant entity in the U.S. banking industry. The bank is dedicated to innovation and enhancing customer experiences while prioritizing community engagement and sustainable growth. With millions of customers served through its extensive branch network, Fifth Third Bancorp is actively pursuing expansion opportunities and strategic partnerships to navigate the evolving financial landscape.",35527,NASDAQ,USD,USA,FINANCIAL SERVICES,BANKS - REGIONAL,"38 FOUNTAIN SQUARE PLAZA, CINCINNATI, OH, UNITED STATES, 45263",https://www.53.com,2024-12-31,2023-12-31,13049000000.0,12355000000.0,2314000000.0,2349000000.0,7723000000.0,7907000000.0,5.617159044921085,-1.489995742869306,-2.3270519792588846
FSLR,Common Stock,First Solar Inc,"First Solar, Inc. is a leading global provider of solar photovoltaic (PV) solutions, headquartered in Tempe, Arizona. With a robust portfolio that spans the United States, Japan, France, Canada, India, and Australia, First Solar specializes in the design, manufacture, and installation of advanced solar technology, prominently featuring its cutting-edge thin-film modules. The company is committed to sustainability and innovation, positioning itself at the forefront of the renewable energy sector by contributing to the transition towards a low-carbon future. With a strong emphasis on reducing the levelized cost of solar energy, First Solar is well-positioned to capitalize on the growing global demand for solar energy solutions.",1274494,NASDAQ,USD,USA,TECHNOLOGY,SOLAR,"350 WEST WASHINGTON STREET, TEMPE, AZ, UNITED STATES, 85288",https://www.firstsolar.com,2024-12-31,2023-12-31,4206289000.0,3318602000.0,1292044000.0,830777000.0,1857864000.0,1300679000.0,26.74882375168821,55.522360392740765,42.838009993242
FE,Common Stock,FirstEnergy Corporation,"FirstEnergy Corporation is a prominent electric utility holding company headquartered in Akron, Ohio, specializing in the generation, transmission, and distribution of electricity. With a diverse portfolio of subsidiaries, the company serves millions of customers across multiple states, making it a vital contributor to the regional energy landscape. FirstEnergy is actively engaged in promoting energy management solutions and innovative technologies, reinforcing its commitment to sustainability and grid reliability as it adapts to evolving energy demands.",1031296,NYSE,USD,USA,UTILITIES,UTILITIES - REGULATED ELECTRIC,"76 SOUTH MAIN STREET, AKRON, OH, UNITED STATES, 44308",https://www.firstenergycorp.com,2024-12-31,2023-12-31,13472000000.0,12870000000.0,978000000.0,1102000000.0,9096000000.0,8224000000.0,4.677544677544677,-11.252268602540836,10.603112840466926
FI,Common Stock,"Fiserv, Inc.","Fiserv, Inc. is a premier American financial technology company based in Milwaukee, Wisconsin, recognized for delivering a wide array of cutting-edge solutions in payment processing, risk management, and business analytics. Serving a diverse client base of banks, credit unions, and financial institutions globally, Fiserv is committed to enhancing digital banking experiences and operational efficiency. Through its innovative technology platform and strategic acquisitions, the company has firmly established itself as a leader within the dynamic fintech industry, driving transformative growth and value for its clients and shaping the future of financial services.",798354,NYSE,USD,USA,TECHNOLOGY,INFORMATION TECHNOLOGY SERVICES,"600 N. VEL R. PHILLIPS AVENUE, MILWAUKEE, WI, UNITED STATES, 53203",https://www.fiserv.com,2024-12-31,2023-12-31,20456000000.0,19093000000.0,3131000000.0,3068000000.0,12443000000.0,11427000000.0,7.138741947310533,2.0534550195567145,8.891222543099676
F,Common Stock,Ford Motor Company,"Ford Motor Company, a leading American multinational automaker headquartered in Dearborn, Michigan, has been a pioneer in the automotive industry since its founding in 1903. Renowned for its innovation in manufacturing and design, Ford has established itself as a key player in the global market, offering a diverse range of vehicles including trucks, SUVs, and electric models. The company is committed to advancing mobility solutions through sustainable practices and cutting-edge technology, positioning itself at the forefront of the industry’s transition towards electrification and digital connectivity. With a strong brand heritage and a focus on customer satisfaction, Ford is poised for continued growth and adaptation in an evolving automotive landscape.",37996,NYSE,USD,USA,CONSUMER CYCLICAL,AUTO MANUFACTURERS,"ONE AMERICAN ROAD, DEARBORN, MI, UNITED STATES, 48126",https://www.ford.com,2024-12-31,2023-12-31,184992000000.0,176191000000.0,5879000000.0,4347000000.0,15506000000.0,25641000000.0,4.9951473117242084,35.24269611226133,-39.52653952653953
FTNT,Common Stock,Fortinet Inc,"Fortinet Inc. (Nasdaq: FTNT) is a leading global cybersecurity company headquartered in Sunnyvale, California, renowned for its innovative security solutions designed to protect data and networks from emerging threats. The company's product portfolio includes cutting-edge firewalls, anti-virus software, intrusion prevention systems, and comprehensive endpoint security services. With a strong emphasis on advanced threat intelligence and a commitment to enhancing digital security architectures, Fortinet serves a wide range of industries, helping organizations to effectively mitigate risks and comply with regulatory requirements. As a pioneer in high-performance security, Fortinet is strategically positioned to capitalize on the growing demand for robust cybersecurity infrastructure in an increasingly digital world.",1262039,NASDAQ,USD,USA,TECHNOLOGY,SOFTWARE - INFRASTRUCTURE,"909 KIFER ROAD, SUNNYVALE, CA, UNITED STATES, 94086",https://www.fortinet.com,2024-12-31,2023-12-31,5955800000.0,5304800000.0,1745200000.0,1147800000.0,4798200000.0,4067600000.0,12.271904690091992,52.04739501655341,17.96145147015439
FTV,Common Stock,Fortive Corp,"Fortive Corporation is a premier American diversified industrial technology firm headquartered in Everett, Washington, that excels in delivering innovative solutions across automation, sensing, and software sectors. By emphasizing productivity, efficiency, and advanced data analytics, Fortive operates through multiple strategic business segments, catering to a broad global clientele. The company's proactive approach to enhancing its portfolio via acquisitions and product developments positions it for sustainable growth and a competitive edge in a dynamic market. Fortive's unwavering commitment to elevating workflow and operational excellence underscores its vision of empowering customers and driving industry advancements.",1659166,NYSE,USD,USA,TECHNOLOGY,SCIENTIFIC & TECHNICAL INSTRUMENTS,"6920 SEAWAY BOULEVARD, EVERETT, WA, UNITED STATES, 98203",https://www.fortive.com,2024-12-31,2023-12-31,6231800000.0,6065300000.0,832900000.0,865800000.0,3731000000.0,3594100000.0,2.7451239015382587,-3.7999537999538,3.8090203388887343
FOXA,Common Stock,Fox Corp Class A,"Fox Corporation (FOXA) is a prominent American mass media entity headquartered in New York City, specializing in the production and distribution of compelling news, sports, and entertainment content across multiple platforms. Operating under renowned brands such as Fox News, Fox Sports, and Fox Television Stations, the company effectively leverages its expansive reach to engage a broad and diverse audience. With a strategic focus on innovative content creation and high-caliber programming, Fox Corp is well-positioned to navigate the evolving media landscape, driving growth through both advertising and subscription revenue while capitalizing on emerging trends in digital viewership and engagement.",1754301,NASDAQ,USD,USA,COMMUNICATION SERVICES,ENTERTAINMENT,"1211 AVENUE OF THE AMERICAS, NEW YORK, NY, UNITED STATES, 10036",https://www.foxcorporation.com,2025-06-30,2024-06-30,16300000000.0,13980000000.0,2263000000.0,1501000000.0,5397000000.0,13980000000.0,16.595135908440632,50.766155896069286,-61.39484978540772
FOX,Common Stock,Fox Corp Class B,"Fox Corporation (FOX) is a prominent American mass media company headquartered in New York City, recognized for its influential brands such as FOX News, FOX Sports, and FOX Entertainment. The company delivers a robust array of news, sports, and entertainment content that engages millions of viewers across various platforms. With a strategic emphasis on high-quality content creation and a strong distribution network, Fox Corporation is well-positioned to capitalize on advertising revenues while adapting to the dynamic landscape of digital media. As it faces the challenges of evolving consumer preferences, FOX remains dedicated to fostering innovation and driving growth in the competitive media industry.",1754301,NASDAQ,USD,USA,COMMUNICATION SERVICES,ENTERTAINMENT,"1211 AVENUE OF THE AMERICAS, NEW YORK, NY, UNITED STATES, 10036",https://www.foxcorporation.com,2025-06-30,2024-06-30,16300000000.0,13980000000.0,2263000000.0,1501000000.0,5397000000.0,13980000000.0,16.595135908440632,50.766155896069286,-61.39484978540772
BEN,Common Stock,Franklin Resources Inc,"Franklin Resources Inc., known as Franklin Templeton, is a prominent global investment management firm based in San Mateo, California, with a legacy dating back to 1947. The company offers a comprehensive suite of investment solutions, including mutual funds, alternative investments, and wealth management services, catering to both institutional and retail clients across more than 30 countries. With a diverse portfolio that spans multiple asset classes and a focus on strategic growth, Franklin Templeton is strategically positioned to leverage global investment opportunities while maintaining a steadfast commitment to delivering exemplary performance and client-focused service.",38777,NYSE,USD,USA,FINANCIAL SERVICES,ASSET MANAGEMENT,"ONE FRANKLIN PARKWAY, SAN MATEO, CA, UNITED STATES, 94403",https://www.franklinresources.com,2025-09-30,2024-09-30,8770700000.0,8478000000.0,524900000.0,464800000.0,4259700000.0,6791400000.0,3.4524652040575607,12.930292598967297,-37.278028094354624
FCX,Common Stock,Freeport-McMoran Copper & Gold Inc,"Freeport-McMoRan Copper & Gold Inc. (FCX) is a premier international mining enterprise headquartered in Phoenix, Arizona, recognized for its substantial production of copper and gold. The company operates extensive mining facilities primarily in the Americas and Indonesia, emphasizing sustainable and responsible mining practices. As one of the largest copper producers globally, Freeport-McMoRan is well-positioned to capitalize on the rising demand for copper, spurred by economic growth and the shift toward renewable energy. With a solid balance sheet and a focus on operational excellence, FCX presents a compelling investment opportunity for those looking to gain exposure to critical metals in the commodities market.",831259,NYSE,USD,USA,BASIC MATERIALS,COPPER,"333 NORTH CENTRAL AVENUE, PHOENIX, AZ, UNITED STATES, 85004-2189",https://fcx.com,2024-12-31,2023-12-31,25455000000.0,22707000000.0,1883000000.0,1842000000.0,7503000000.0,6881000000.0,12.101994979521734,2.225841476655809,9.03938381049266
GRMN,Common Stock,Garmin Ltd,"Garmin Ltd. is a prominent American multinational technology company headquartered in Olathe, Kansas, distinguished for its cutting-edge GPS navigation and wearable technology products. Catering to diverse markets such as automotive, aviation, marine, outdoor, and fitness, Garmin has established itself as an industry leader in personal navigation and health tracking solutions. With a relentless focus on innovation and a robust global brand presence, the company continues to broaden its product lineup, driving significant market share while promoting a healthy and active lifestyle for consumers worldwide.",1121788,NYSE,USD,USA,TECHNOLOGY,SCIENTIFIC & TECHNICAL INSTRUMENTS,"MÜHLENTALSTRASSE 2, SCHAFFHAUSEN, SWITZERLAND, 8200",https://www.garmin.com,2024-12-31,2023-12-31,6296903000.0,5228252000.0,1411436000.0,1289636000.0,3696555000.0,3004955000.0,20.43992906233288,9.444525431982358,23.015319696967175
IT,Common Stock,Gartner Inc,"Gartner, Inc. is a premier global research and advisory firm based in Stamford, Connecticut, recognized for its expertise in providing actionable insights and strategic guidance to business leaders across diverse sectors, including information technology, finance, and human resources. Leveraging its rigorous research methodologies and comprehensive market analysis, Gartner empowers organizations to make informed decisions that foster growth and innovation. The company's extensive suite of services, which encompasses bespoke consulting, benchmarking, and training, is designed to help clients adeptly navigate the complexities of today's business environment. With a longstanding commitment to delivering impactful intelligence, Gartner remains a vital partner for enterprises aiming to enhance performance and achieve a sustainable competitive advantage.",749251,NYSE,USD,USA,TECHNOLOGY,INFORMATION TECHNOLOGY SERVICES,"56 TOP GALLANT ROAD, STAMFORD, CT, UNITED STATES, 06902-7700",https://www.gartner.com,2024-12-31,2023-12-31,6267411000.0,5906956000.0,1253715000.0,882466000.0,4244389000.0,4003716000.0,6.102212374698576,42.06949616189179,6.011240557522062
GE,Common Stock,GE Aerospace,"General Electric Company (GE) is a prominent American multinational conglomerate based in Boston, specializing in aerospace, healthcare, power generation, and renewable energy solutions. Renowned for its pioneering innovations in aviation manufacturing and advanced digital technologies, GE is dedicated to driving sustainable growth and enhancing operational efficiencies across diverse industries. The company's strategic investments in additive manufacturing and financial services further bolster its competitive edge, enabling it to address a wide array of customer demands and secure its position as a vital player in the global marketplace. With a strong focus on transforming industries and advancing healthcare outcomes, GE is well-positioned for long-term success and value creation.",40545,NYSE,USD,USA,INDUSTRIALS,AEROSPACE & DEFENSE,"1 NEUMANN WAY, EVENDALE, OH, UNITED STATES, 45215",https://www.geaerospace.com,2024-12-31,2023-12-31,38702000000.0,35348000000.0,6556000000.0,9482000000.0,14394000000.0,12409000000.0,9.488514201652144,-30.8584686774942,15.996454186477557
GEHC,Common Stock,GE HealthCare Technologies Inc.,"GE HealthCare Technologies Inc. is a prominent leader in the medical technology and pharmaceutical diagnostics sectors, committed to enhancing patient care and healthcare efficiency globally. Based in Chicago, Illinois, the company offers a robust portfolio of advanced imaging, monitoring, and data analytics solutions that enable healthcare providers to optimize clinical workflows. With a strategic emphasis on digital transformation and innovation, GE HealthCare is well-positioned to meet the changing demands of healthcare systems, making it a critical player in shaping the future of healthcare delivery.",1932393,NASDAQ,USD,USA,HEALTHCARE,HEALTH INFORMATION SERVICES,"500 WEST MONROE STREET, CHICAGO, IL, UNITED STATES, 60661",https://www.gehealthcare.com,2024-12-31,2023-12-31,19672000000.0,19552000000.0,1993000000.0,3104000000.0,8205000000.0,7922000000.0,0.613747954173486,-35.79252577319588,3.572330219641505
GEV,Common Stock,GE Vernova LLC,"GE Vernova LLC is a leading energy enterprise dedicated to advancing sustainable electricity solutions through innovative technologies and a robust portfolio of renewable assets. The company specializes in wind, solar, and hydroelectric power, positioning itself as a key player in the global transition to a low-carbon economy. By prioritizing efficiency and reliability, GE Vernova is committed to supporting decarbonization efforts and aligning with sustainable development goals, making it a pivotal force in reshaping the energy landscape.",1996810,NYSE,USD,USA,INDUSTRIALS,SPECIALTY INDUSTRIAL MACHINERY,"58 CHARLES STREET, CAMBRIDGE, MA, UNITED STATES, 02141",https://www.gevernova.com,2024-12-31,2023-12-31,34935000000.0,33239000000.0,1552000000.0,-438000000.0,6085000000.0,4818000000.0,5.102439904930955,-454.337899543379,26.297218762972186
GEN,Common Stock,Gen Digital Inc.,"Gen Digital Inc. is a prominent player in the global cybersecurity sector, headquartered in Tempe, Arizona. The company specializes in delivering advanced security solutions that protect consumers' personal information and digital assets across multiple regions, including North America, Europe, and Asia Pacific. By leveraging innovative technology, Gen Digital addresses critical security challenges, making it an attractive option for institutional investors looking for opportunities in the technology industry amidst rising concerns over online security. Its comprehensive service offerings and commitment to safeguarding digital environments position the company well for sustained growth in an increasingly connected world.",849399,NASDAQ,USD,USA,TECHNOLOGY,SOFTWARE - INFRASTRUCTURE,"60 EAST RIO SALADO PARKWAY, TEMPE, AZ, UNITED STATES, 85281",https://www.gendigital.com,2025-03-31,2024-03-31,3935000000.0,3800000000.0,643000000.0,607000000.0,3159000000.0,3069000000.0,3.552631578947368,5.930807248764415,2.932551319648094
GNRC,Common Stock,Generac Holdings Inc,"Generac Holdings Inc. (GNRC) is a prominent American manufacturer recognized for its innovative backup power generation solutions across residential, light commercial, and industrial markets. As a Fortune 1000 company, Generac has solidified its leadership in the energy resilience sector, responding to the rising demand for reliable and sustainable power sources amid a shifting energy landscape. The company's diverse product portfolio, which includes portable generators, home standby systems, and advanced energy storage solutions, aligns with growing consumer preferences for energy independence and security, positioning Generac for substantial growth as the industry evolves.",1474735,NYSE,USD,USA,INDUSTRIALS,SPECIALTY INDUSTRIAL MACHINERY,"S45 W29290 HIGHWAY 59, WAUKESHA, WI, UNITED STATES, 53189",https://www.generac.com,2024-12-31,2023-12-31,4295834000.0,4022667000.0,325256000.0,203089000.0,1665626000.0,1365431000.0,6.79069383570651,60.15441505940745,21.985365792925457
GD,Common Stock,General Dynamics Corporation,"General Dynamics Corporation (GD) is a premier American aerospace and defense contractor based in Reston, Virginia, known for its extensive offerings in marine systems, combat systems, information technology, and aerospace solutions. The company plays a crucial role in addressing the needs of both government and commercial clients, underpinning national security and technological advancement. Recognized for its innovation and operational efficiency, GD is well-positioned for strategic growth in key markets, demonstrating strong financial performance and a commitment to excellence. With a global footprint, the company continues to be a vital player in the defense sector, making significant contributions to both industrial and governmental initiatives.",40533,NYSE,USD,USA,INDUSTRIALS,AEROSPACE & DEFENSE,"11011 SUNSET HILLS ROAD, RESTON, VA, UNITED STATES, 20190",https://www.gd.com,2024-12-31,2023-12-31,47716000000.0,42272000000.0,3782000000.0,3315000000.0,7364000000.0,4245000000.0,12.878501135503406,14.087481146304675,73.47467608951708
GIS,Common Stock,General Mills Inc,"General Mills, Inc. is a leading American multinational consumer goods company, renowned for its extensive portfolio of iconic brands such as Cheerios, Betty Crocker, and Häagen-Dazs. Headquartered in Golden Valley, Minnesota, the company operates across multiple segments including U.S. Retail, Convenience Stores & Foodservice, and International, which diversifies its revenue streams and enhances market resilience. General Mills is dedicated to innovation and sustainability, consistently adapting to shifting consumer preferences and global market trends to drive long-term growth. Its strategic focus on quality and convenience positions the company as a robust player in the competitive food industry, appealing to both consumers and investors alike.",40704,NYSE,USD,USA,CONSUMER DEFENSIVE,PACKAGED FOODS,"NUMBER ONE GENERAL MILLS BOULEVARD, MINNEAPOLIS, MN, UNITED STATES, 55426",https://www.generalmills.com,2025-05-31,2024-05-31,19486600000.0,19857200000.0,2284700000.0,2496600000.0,6727000000.0,6932100000.0,-1.8663255645307495,-8.487543058559641,-2.958699384025043
GM,Common Stock,General Motors Company,"General Motors Company (NYSE: GM) is a prominent American multinational automotive manufacturer headquartered in Detroit, Michigan, with a diverse portfolio that includes iconic brands such as Chevrolet, Cadillac, GMC, and Buick. The company is at the forefront of the automotive industry's transition towards electric and autonomous vehicles, bolstering its commitment to sustainability and innovation in transportation solutions. GM's strategic initiatives focus on enhancing mobility through cutting-edge technologies while maintaining its leadership in traditional vehicle markets. With a strong global presence and a robust financial services division, GM is well-positioned to adapt to changing consumer preferences and capitalize on emerging market opportunities in the evolving automotive landscape.",1467858,NYSE,USD,USA,CONSUMER CYCLICAL,AUTO MANUFACTURERS,"300 RENAISSANCE CENTER, DETROIT, MI, UNITED STATES, 48265-3000",https://www.gm.com,2024-12-31,2023-12-31,187442000000.0,171842000000.0,6008000000.0,10022000000.0,23149000000.0,30512000000.0,9.078106632837141,-40.05188585112752,-24.131489250131096
GPC,Common Stock,Genuine Parts Co,"Genuine Parts Company (GPC) is a prominent American distributor that specializes in automotive and industrial replacement parts, along with office supplies and electrical materials. Boasting a comprehensive network of more than 3,100 locations throughout North America, GPC caters to a wide array of clients, including automotive repair shops and industrial operations. The company is dedicated to delivering high-quality products and exceptional service, leveraging its extensive industry expertise and robust supply chain to foster growth and create shareholder value. GPC's strategic focus on market expansion and operational optimization positions it well to navigate the evolving economic landscape, reinforcing its leadership role in the distribution sector.",40987,NYSE,USD,USA,CONSUMER CYCLICAL,AUTO PARTS,"2999 WILDWOOD PARKWAY, ATLANTA, GA, UNITED STATES, 30339",https://www.genpt.com,2024-12-31,2023-12-31,23486569000.0,23090610000.0,904076000.0,1316524000.0,8523615000.0,8290672000.0,1.714805282320389,-31.328559145142815,2.809699865101406
GILD,Common Stock,Gilead Sciences Inc,"Gilead Sciences, Inc. is a prominent biopharmaceutical company headquartered in Foster City, California, specializing in the research, development, and commercialization of innovative antiviral therapies targeting infectious diseases, including HIV and hepatitis. Its flagship products, such as Harvoni and Sovaldi, have significantly advanced treatment protocols for chronic hepatitis C, highlighting Gilead's leadership in the field. Emphasizing its commitment to addressing unmet medical needs, Gilead continues to expand its diverse therapeutic portfolio, positioning itself as a vital contributor to improving global health outcomes and enhancing patient care.",882095,NASDAQ,USD,USA,HEALTHCARE,DRUG MANUFACTURERS - GENERAL,"333 LAKESIDE DRIVE, FOSTER CITY, CA, UNITED STATES, 94404",https://www.gilead.com,2024-12-31,2023-12-31,28754000000.0,27116000000.0,480000000.0,5665000000.0,22503000000.0,27116000000.0,6.040713969612037,-91.52691968225949,-17.01209617937749
GPN,Common Stock,Global Payments Inc,"Global Payments Inc. (GPN) is a premier provider of integrated payment processing and financial technology solutions, headquartered in Atlanta, Georgia. With a strong presence in diverse industries, the company delivers a comprehensive suite of services including payment processing, cybersecurity, and data analytics. GPN leverages its extensive global reach and strategic partnerships to capture the increasing demand for digital payment solutions, thereby enhancing operational efficiency and customer experiences. Its relentless focus on innovation and customer-centricity positions Global Payments as a crucial player in the rapidly evolving financial technology sector.",1123360,NYSE,USD,USA,INDUSTRIALS,SPECIALTY BUSINESS SERVICES,"3550 LENOX ROAD, ATLANTA, GA, UNITED STATES, 30326",https://www.globalpayments.com/en-ap,2024-12-31,2023-12-31,10105894000.0,9654419000.0,1570365000.0,986233000.0,6345778000.0,5926898000.0,4.676355977506259,59.22860013810124,7.0674406747003236
GL,Common Stock,Globe Life Inc,"Globe Life Inc. is a leading financial services holding company based in McKinney, Texas, with a strong focus on life insurance, annuities, and supplemental health insurance products through its wholly owned subsidiaries. The company is recognized for its commitment to offering affordable coverage and enhancing financial security, bolstered by efficient distribution channels and a robust customer-centric approach. With a dedication to innovation and operational excellence, Globe Life is well-equipped for sustainable growth, making it a compelling investment for institutional investors looking for stability in the competitive insurance market.",320335,NYSE,USD,USA,FINANCIAL SERVICES,INSURANCE - LIFE,"3700 SOUTH STONEBRIDGE DRIVE, MCKINNEY, TX, UNITED STATES, 75070-8080",https://www.home.globelifeinsurance.com,2024-12-31,2023-12-31,5778069000.0,5447533000.0,1070762000.0,970755000.0,2473625000.0,5099700000.0,6.067627309462834,10.301981447430093,-51.49469576641763
GDDY,Common Stock,Godaddy Inc,"GoDaddy Inc. (GDDY) is a prominent technology company headquartered in Scottsdale, Arizona, specializing in cloud-based solutions designed to empower entrepreneurs and small businesses globally. The company provides an extensive range of services, including web hosting, domain registration, and digital marketing tools, all aimed at enhancing online visibility and customer engagement. With a strong commitment to innovation and exceptional customer support, GoDaddy is well-positioned to capitalize on the growing digital economy and continues to expand its product offerings to meet the evolving needs of its diverse customer base.",1609711,NYSE,USD,USA,TECHNOLOGY,SOFTWARE - INFRASTRUCTURE,"100 S. MILL AVE, TEMPE, AZ, UNITED STATES, 85281",https://www.godaddy.com,2024-12-31,2023-12-31,4573200000.0,4254100000.0,936900000.0,1374800000.0,2921200000.0,2680500000.0,7.500999036223878,-31.851905731742796,8.97966797239321
GS,Common Stock,Goldman Sachs Group Inc,"Goldman Sachs Group, Inc. is a leading global investment banking, securities, and investment management firm based in New York City. With a strong focus on delivering a diverse range of financial services, the company caters to a wide array of institutional clients, offering expertise in investment banking, asset management, and securities underwriting. Known for its robust risk management and extensive global reach, Goldman Sachs plays a critical role in capital markets, facilitating client transactions and providing strategic advisory services. Leveraging advanced technology and deep industry expertise, Goldman Sachs is well-positioned to navigate market complexities and drive innovative solutions for its clients.",886982,NYSE,USD,USA,FINANCIAL SERVICES,CAPITAL MARKETS,"200 WEST STREET, NEW YORK, NY, UNITED STATES, 10282",https://www.goldmansachs.com,2024-12-31,2023-12-31,126853000000.0,108418000000.0,14276000000.0,8516000000.0,52164000000.0,45226000000.0,17.003634082901364,67.63738844527948,15.340733206562597
HAL,Common Stock,Halliburton Company,"Halliburton Company (HAL) is a preeminent provider of oil field services, recognized for its unparalleled commitment to innovation and customer-centric solutions in the energy sector. Operating in over 70 countries, the company delivers an extensive portfolio of products and services encompassing exploration, drilling, production, and reservoir management for both conventional and unconventional energy sources. As a pivotal entity in the oil and gas industry, Halliburton is well-positioned to navigate the challenges of evolving market dynamics and contribute to the global energy transition.",45012,NYSE,USD,USA,ENERGY,OIL & GAS EQUIPMENT & SERVICES,"3000 NORTH SAM HOUSTON PARKWAY EAST, HOUSTON, TX, UNITED STATES, 77032",https://www.halliburton.com,2024-12-31,2023-12-31,22944000000.0,23018000000.0,2501000000.0,2638000000.0,4301000000.0,23018000000.0,-0.32148753149708925,-5.193328278999242,-81.31462333825702
HIG,Common Stock,Hartford Financial Services Group,"The Hartford Financial Services Group, Inc. (HIG) is a prominent diversified financial services organization based in Hartford, Connecticut, with a legacy dating back to 1810. Renowned for its expertise in property and casualty insurance, group benefits, and mutual funds, The Hartford offers innovative financial solutions tailored to meet the dynamic needs of both individual and institutional clients. The company emphasizes a rigorous approach to risk management and maintains a well-rounded portfolio, positioning itself for sustainable growth in a competitive landscape. With a commitment to financial stability and prioritizing customer trust, The Hartford aims to enhance shareholder value and deliver robust performance.",874766,NYSE,USD,USA,FINANCIAL SERVICES,INSURANCE - PROPERTY & CASUALTY,"ONE HARTFORD PLAZA, HARTFORD, CT, UNITED STATES, 06155",https://www.thehartford.com,2024-12-31,2023-12-31,26384000000.0,24330000000.0,3111000000.0,2504000000.0,3970000000.0,3167000000.0,8.442252363337444,24.24121405750799,25.355225765708873
HAS,Common Stock,Hasbro Inc,"Hasbro, Inc. is a prominent American multinational conglomerate renowned for its robust portfolio of beloved toy and game brands, including Monopoly, Transformers, and My Little Pony. Based in Pawtucket, Rhode Island, the company has adeptly diversified into digital gaming and entertainment, ensuring its relevance in an increasingly digital consumer environment. Committed to innovation and sustainable practices, Hasbro is dedicated to enriching the lives of children and families worldwide while continuously strengthening its competitive position in the global market.",46080,NASDAQ,USD,USA,CONSUMER CYCLICAL,LEISURE,"1027 NEWPORT AVENUE, PAWTUCKET, RI, UNITED STATES, 02861",https://shop.hasbro.com/en-in,2024-12-31,2023-12-31,4135500000.0,5003300000.0,385600000.0,-1489300000.0,2671800000.0,2869000000.0,-17.344552595287112,-125.89135835627476,-6.873475078424539
HCA,Common Stock,HCA Holdings Inc,"HCA Healthcare, Inc. is a prominent for-profit healthcare services provider headquartered in Nashville, Tennessee, with a legacy dating back to 1968. The company operates a comprehensive network of 186 hospitals and around 2,000 outpatient facilities, including surgery centers and urgent care clinics, spanning 21 states and the United Kingdom. HCA is dedicated to enhancing healthcare quality and outcomes through innovative practices and operational efficiencies, solidifying its status as a vital contributor to the dynamic healthcare sector. Given its extensive infrastructure and focus on patient care, HCA continues to play a significant role in shaping the future of healthcare delivery.",860730,NYSE,USD,USA,HEALTHCARE,MEDICAL CARE FACILITIES,"ONE PARK PLAZA, NASHVILLE, TN, UNITED STATES, 37203",https://hcahealthcare.com,2024-12-31,2023-12-31,70603000000.0,64968000000.0,5760000000.0,5242000000.0,10547000000.0,9627000000.0,8.673500800394041,9.881724532621137,9.556455801391918
DOC,Common Stock,Healthpeak Properties Inc,"Healthpeak Properties Inc. (NYSE: DOC) is a self-managed real estate investment trust (REIT) specializing in the healthcare sector, focusing on the acquisition, development, and management of premium healthcare properties. With a diverse portfolio that includes outpatient facilities, senior housing, and life science properties leased to healthcare providers, the company is well-positioned to benefit from the increasing demand for healthcare services driven by demographic trends. Healthpeak is committed to sustainable practices and innovation, ensuring enhanced healthcare experiences while prioritizing shareholder value through strategic asset management and growth initiatives.",765880,NYSE,USD,USA,REAL ESTATE,REIT - HEALTHCARE FACILITIES,"4600 SOUTH SYRACUSE STREET, DENVER, CO, UNITED STATES, 80237",https://www.healthpeak.com,2024-12-31,2023-12-31,2700449000.0,2181003000.0,243142000.0,306009000.0,1625588000.0,1278943000.0,23.816840233598946,-20.544167001624135,27.10402261867808
HSIC,Common Stock,Henry Schein Inc,"Henry Schein, Inc. (HSIC) is a prominent global leader in the provision of health care products and services, with a strong focus on the dental, medical, and veterinary sectors. Operating in more than 32 countries, the company harnesses its robust distribution network to deliver a comprehensive array of essential products and innovative technologies to health care professionals. Committed to improving the efficiency and effectiveness of health care delivery, Henry Schein is recognized as a trusted partner for practitioners and organizations worldwide, positioning itself at the intersection of healthcare, technology, and customer service.",1000228,NASDAQ,USD,USA,HEALTHCARE,MEDICAL DISTRIBUTION,"135 DURYEA ROAD, MELVILLE, NY, UNITED STATES, 11747",https://www.henryschein.com,2024-12-31,2023-12-31,12673000000.0,12339000000.0,390000000.0,416000000.0,3765000000.0,3651000000.0,2.7068644136477835,-6.25,3.122432210353328
HSY,Common Stock,Hershey Co,"The Hershey Company (HSY) is a premier American multinational confectionery manufacturer, well-known for its iconic chocolate products such as Hershey's bars and Kisses. With a comprehensive portfolio that includes not only chocolate but also baked goods, snacks, and beverages, Hershey operates in over 70 countries, showcasing its global reach and market influence. Headquartered in Hershey, Pennsylvania, the company is committed to innovation and brand expansion while emphasizing sustainability and social responsibility, positioning it as an attractive investment opportunity for institutional investors in the consumer staples sector.",47111,NYSE,USD,USA,CONSUMER DEFENSIVE,CONFECTIONERS,"19 EAST CHOCOLATE AVENUE, HERSHEY, PA, UNITED STATES, 17033",https://www.thehersheycompany.com,2024-12-31,2023-12-31,11202263000.0,11164992000.0,2221239000.0,1861787000.0,5300888000.0,4997816000.0,0.333820212320797,19.306827257897925,6.064088793985213
HPE,Common Stock,Hewlett Packard Enterprise Co,"Hewlett Packard Enterprise Co (HPE) is a leading American multinational provider of enterprise information technology solutions, headquartered in Houston, Texas. Specializing in hybrid cloud, data storage, and IT infrastructure, HPE delivers innovative products and services tailored to optimize enterprise operations and drive digital transformation. With a strong focus on edge computing and intelligent data solutions, HPE positions itself as a strategic partner for organizations seeking to harness the power of technology in a rapidly evolving digital landscape.",1645590,NYSE,USD,USA,TECHNOLOGY,COMMUNICATION EQUIPMENT,"1701 EAST MOSSY OAKS ROAD, SPRING, TX, UNITED STATES, 77389",https://www.hpe.com,2024-10-31,2023-10-31,30127000000.0,29107000000.0,2579000000.0,2025000000.0,9878000000.0,9923000000.0,3.504311677603326,27.358024691358025,-0.4534918875340119
HLT,Common Stock,Hilton Worldwide Holdings Inc,"Hilton Worldwide Holdings Inc. is a premier American multinational hospitality company, recognized for its diverse portfolio of high-quality hotels and resorts that cater to various market segments. With iconic brands such as Hilton, DoubleTree, and Waldorf Astoria, the company is dedicated to superior customer experiences and innovative operational excellence. Hilton's strategic initiatives to expand its global presence, alongside a robust loyalty program, enhance its competitive edge in the hospitality sector, providing a compelling investment opportunity for institutional investors targeting growth within the thriving tourism and travel industries.",1585689,NYSE,USD,USA,CONSUMER CYCLICAL,LODGING,"7930 JONES BRANCH DRIVE, MCLEAN, VA, UNITED STATES, 22102",https://www.hilton.com,2024-12-31,2023-12-31,11174000000.0,10235000000.0,1535000000.0,1141000000.0,3063000000.0,2930000000.0,9.174401563263313,34.53111305872042,4.539249146757679
HOLX,Common Stock,Hologic Inc,"Hologic, Inc. (HOLX) is a prominent medical technology company specializing in advancing women's health through cutting-edge diagnostic, surgical, and medical imaging solutions. The company boasts a diverse and innovative portfolio, including advanced products for breast health, cervical cancer screening, and various diagnostic applications, underscoring its commitment to improving patient outcomes. Hologic's ongoing emphasis on research and development solidifies its reputation as a leader in healthcare innovation, ultimately positioning the firm as a vital contributor to the global healthcare sector.",859737,NASDAQ,USD,USA,HEALTHCARE,MEDICAL INSTRUMENTS & SUPPLIES,"250 CAMPUS DRIVE, MARLBOROUGH, MA, UNITED STATES, 01752",https://www.hologic.com,2025-09-30,2024-09-30,4100500000.0,4030300000.0,565700000.0,789500000.0,2501100000.0,2227800000.0,1.7418058209066323,-28.34705509816339,12.267708052787503
HD,Common Stock,The Home Depot Inc,"The Home Depot, Inc. (HD) is the premier home improvement retailer in the United States, offering an extensive selection of tools, construction products, and home improvement services. Based in Cobb County, Georgia, the company operates more than 2,200 stores throughout North America, catering to a diverse customer base that includes both professional contractors and DIY homeowners. Home Depot has established itself as a market leader by leveraging a strong supply chain and a growing e-commerce platform, which enhances the shopping experience. With a steadfast commitment to innovation and exceptional customer service, Home Depot aims to drive sustainable growth and deliver long-term value to its shareholders.",354950,NYSE,USD,USA,CONSUMER CYCLICAL,HOME IMPROVEMENT RETAIL,"2455 PACES FERRY ROAD, ATLANTA, GA, UNITED STATES, 30339",https://www.homedepot.com,2025-01-31,2024-01-31,159514000000.0,152669000000.0,14806000000.0,15143000000.0,53308000000.0,50960000000.0,4.483555928184503,-2.2254507032952517,4.607535321821036
HON,Common Stock,Honeywell International Inc,"Honeywell International Inc. is a leading multinational conglomerate headquartered in Charlotte, North Carolina, specializing in aerospace, building technologies, performance materials and technologies, and safety and productivity solutions. With a strong commitment to innovation and sustainability, Honeywell leverages its advanced technology and engineering expertise to deliver integrated solutions that enhance efficiency and safety across various industries. The company's diverse portfolio positions it well to capitalize on emerging trends, making it an attractive opportunity for institutional investors seeking growth in a dynamic global market.",773840,NASDAQ,USD,USA,INDUSTRIALS,CONGLOMERATES,"855 SOUTH MINT STREET, CHARLOTTE, NC, UNITED STATES, 28202",https://www.honeywell.com,2024-12-31,2023-12-31,38496000000.0,36662000000.0,5705000000.0,5658000000.0,14758000000.0,13667000000.0,5.002454857891004,0.830682219865677,7.98273212848467
HRL,Common Stock,Hormel Foods Corporation,"Hormel Foods Corporation (Ticker: HRL) is a prominent American food manufacturer based in Austin, Minnesota, with over a century of expertise since its inception in 1891. Originally a meatpacking entity, the company has successfully diversified its portfolio to encompass a vast range of refrigerated and packaged foods, including well-established brands such as Spam, Jennie-O, and Hormel Chili. Hormel's commitment to quality and innovation is reflected in its ongoing investments in product development and strategic acquisitions, which enhance its competitive edge in the evolving food industry. As consumer preferences shift, Hormel remains poised for continued growth and expansion, maintaining a strong presence in both traditional and emerging food markets.",48465,NYSE,USD,USA,CONSUMER DEFENSIVE,PACKAGED FOODS,"1 HORMEL PLACE, AUSTIN, MN, UNITED STATES, 55912-3680",https://www.hormelfoods.com,2024-10-31,2023-10-31,11920797000.0,12110010000.0,805038000.0,793572000.0,2022138000.0,1999841000.0,-1.5624512283639733,1.4448594456457637,1.114938637621691
HST,Common Stock,Host Hotels & Resorts Inc,"Host Hotels & Resorts, Inc. (HST) is a leading real estate investment trust (REIT) that specializes in the acquisition, ownership, and management of a high-quality portfolio of upscale and luxury hotel properties in prime U.S. markets and select international locations. The company employs a disciplined approach to capital allocation and asset management, aiming to drive operational excellence and enhance shareholder value. With a strong commitment to sustainability and an exceptional guest experience, HST is strategically positioned to navigate the dynamic hospitality sector, delivering compelling returns for institutional investors.",1070750,NASDAQ,USD,USA,REAL ESTATE,REIT - HOTEL & MOTEL,"4747 BETHESDA AVENUE, BETHESDA, MD, UNITED STATES, 20814-1109",https://www.hosthotels.com,2024-12-31,2023-12-31,5684000000.0,5311000000.0,697000000.0,740000000.0,3033000000.0,2850000000.0,7.023159480323857,-5.810810810810811,6.421052631578947
HWM,Common Stock,Howmet Aerospace Inc,"Howmet Aerospace Inc. is a prominent player in the aerospace and transportation sectors, headquartered in Pittsburgh, Pennsylvania. The company specializes in manufacturing advanced engineered solutions, including critical components for jet engines such as high-performance fasteners and titanium structures, alongside forged aluminum wheels for heavy-duty vehicles. With a robust focus on innovation, sustainability, and cutting-edge technology, Howmet Aerospace enhances operational efficiency and adapts to the dynamic needs of its global customers. As a leader in aerospace advancements, Howmet Aerospace is instrumental in shaping the future of aviation and transportation.",4281,NYSE,USD,USA,INDUSTRIALS,AEROSPACE & DEFENSE,"201 ISABELLA STREET, PITTSBURGH, PA, UNITED STATES, 15212-5872",https://www.howmet.com,2024-12-31,2023-12-31,7430000000.0,6640000000.0,1155000000.0,765000000.0,2052000000.0,1614000000.0,11.897590361445783,50.98039215686274,27.137546468401485
HPQ,Common Stock,HP Inc,"HP Inc. is a prominent American multinational technology company based in Palo Alto, California, recognized for its innovation in personal computers, printers, and related supplies. The company emphasizes sustainability and is a leader in digital printing and 3D printing technologies, serving a wide array of consumer and enterprise markets. HP's dedication to enhancing customer experiences through advanced technology positions it favorably for growth in the rapidly evolving digital landscape, while its robust portfolio and industry dominance reinforce its status as a vital player in the global technology sector.",47217,NYSE,USD,USA,TECHNOLOGY,COMPUTER HARDWARE,"1501 PAGE MILL ROAD, PALO ALTO, CA, UNITED STATES, 94304",https://www.hp.com,2024-10-31,2023-10-31,53559000000.0,53718000000.0,2775000000.0,3263000000.0,11818000000.0,11508000000.0,-0.2959901708924383,-14.955562365920933,2.6937782412234967
HUBB,Common Stock,Hubbell Inc,"Hubbell Incorporated (HUBB) is a leading provider of electrical and electronic products, delivering a comprehensive range of solutions across diverse sectors, including construction, telecommunications, and utilities. Based in Shelton, Connecticut, the company is recognized for its emphasis on innovation and quality, with operations that span lighting, wiring devices, and power systems. With a strong global presence and an extensive distribution network, Hubbell meets the dynamic needs of its customers while maintaining a commitment to sustainable practices. Positioned for growth, Hubbell is poised to thrive in the rapidly evolving landscape of electrification and digitalization.",48898,NYSE,USD,USA,INDUSTRIALS,ELECTRICAL EQUIPMENT & PARTS,"40 WATERVIEW DRIVE, SHELTON, CT, UNITED STATES, 06484-1000",https://www.hubbell.com,2024-12-31,2023-12-31,5628500000.0,5372900000.0,777800000.0,759800000.0,1904100000.0,1888100000.0,4.757207467103426,2.3690444853908925,0.8474127429691223
HUM,Common Stock,Humana Inc,"Humana Inc. (HUM), headquartered in Louisville, Kentucky, is a prominent American health insurance organization that specializes in a comprehensive portfolio of health and wellness solutions. The company focuses on Medicare Advantage plans, individual and family health insurance, and various specialty products designed to elevate care quality and foster healthier lifestyles for its members. With a strong emphasis on innovation, Humana utilizes advanced analytics and technology to enhance healthcare delivery and outcomes, thereby establishing itself as a leader in the dynamic and competitive healthcare sector.",49071,NYSE,USD,USA,HEALTHCARE,HEALTHCARE PLANS,"HUMANA BUILDING, LOUISVILLE, KY, UNITED STATES, 40202",https://www.humana.com,2024-12-31,2023-12-31,117761000000.0,106374000000.0,1207000000.0,2489000000.0,117761000000.0,106374000000.0,10.704683475285313,-51.5066291683407,10.704683475285313
HBAN,Common Stock,Huntington Bancshares Incorporated,"Huntington Bancshares Incorporated is a leading regional bank holding company headquartered in Columbus, Ohio, specializing in a comprehensive suite of financial services that includes retail and commercial banking, wealth management, and investment solutions. With a significant footprint across the Midwest, Huntington leverages innovative banking technology and a customer-first approach to enhance its competitive position in the financial sector. The company's growth strategy encompasses both strategic acquisitions and organic development, contributing to its consistent profitability and shareholder value. Huntington is dedicated to building long-lasting relationships with customers while delivering exceptional service in a rapidly evolving banking landscape.",49196,NASDAQ,USD,USA,FINANCIAL SERVICES,BANKS - REGIONAL,"HUNTINGTON CENTER, COLUMBUS, OH, UNITED STATES, 43287",https://www.huntington.com,2024-12-31,2023-12-31,11961000000.0,10780000000.0,1940000000.0,1951000000.0,6965000000.0,6901000000.0,10.955473098330241,-0.5638134290107637,0.9274018258223446
HII,Common Stock,Huntington Ingalls Industries Inc,"Huntington Ingalls Industries Inc. (HII) stands as the leading military shipbuilding enterprise in the United States, specializing in the construction and maintenance of surface combatants, submarines, and amphibious assault ships. The company not only supports national defense and maritime security but also provides a comprehensive suite of professional services to government and industry sectors. Leveraging its advanced engineering techniques and strong industry partnerships, HII is well-positioned to deliver innovative solutions while maintaining a focus on operational excellence and sustainability. This strategic positioning within the defense industrial base makes HII an appealing investment opportunity for institutional investors seeking reliable exposure to the defense sector.",1501585,NYSE,USD,USA,INDUSTRIALS,AEROSPACE & DEFENSE,"4101 WASHINGTON AVENUE, NEWPORT NEWS, VA, UNITED STATES, 23607",https://www.hii.com,2024-12-31,2023-12-31,11535000000.0,11454000000.0,550000000.0,681000000.0,1450000000.0,1646000000.0,0.7071765322158199,-19.23641703377386,-11.907654921020656
IBM,Common Stock,International Business Machines,"International Business Machines Corporation (IBM) is a prominent American multinational technology company headquartered in Armonk, New York, with operations spanning over 170 countries. Established in 1911, IBM has established itself as a leader in innovation through its diverse offerings in hardware, software, and consulting services, with an increasing emphasis on artificial intelligence, quantum computing, and cloud solutions. The company is recognized for its strong research capabilities, having achieved the distinction of securing the most annual U.S. patents for 28 consecutive years, reflecting its dedication to pioneering technology. With a legacy that includes groundbreaking inventions like the ATM and relational database, IBM continues to evolve and play a critical role in advancing technological solutions across various sectors, adapting to the ever-changing digital landscape.",51143,NYSE,USD,USA,TECHNOLOGY,INFORMATION TECHNOLOGY SERVICES,"ONE NEW ORCHARD ROAD, ARMONK, NY, UNITED STATES, 10504",https://www.ibm.com,2024-12-31,2023-12-31,62753000000.0,61860000000.0,6023000000.0,7502000000.0,35551000000.0,34300000000.0,1.4435822825735531,-19.714742735270594,3.6472303206997085
IEX,Common Stock,IDEX Corporation,"IDEX Corporation (IEX), based in Northbrook, Illinois, is a prominent leader in the design, development, and manufacturing of fluidics systems and specialty engineered products across various sectors, including healthcare, fire and safety, and industrial markets. The company is committed to enhancing operational efficiency and safety through innovative solutions and has positioned itself for growth by emphasizing sustainability and technology integration. With a track record of robust financial performance and strategic acquisitions, IDEX is poised to leverage emerging market opportunities, delivering long-term value and growth potential for its shareholders.",832101,NYSE,USD,USA,INDUSTRIALS,SPECIALTY INDUSTRIAL MACHINERY,"3100 SANDERS ROAD, NORTHBROOK, IL, UNITED STATES, 60062",https://www.idexcorp.com,2024-12-31,2023-12-31,3268800000.0,3273900000.0,505000000.0,596100000.0,1516700000.0,1446900000.0,-0.15577751305782095,-15.282670692836772,4.824106710899164
IDXX,Common Stock,IDEXX Laboratories Inc,"IDEXX Laboratories, Inc. is a premier American multinational company dedicated to advancing diagnostics and software solutions for veterinary, livestock, and water testing markets. Renowned for its innovative technologies, IDEXX significantly enhances veterinary care quality while providing robust testing solutions to agricultural industries. The company’s strong commitment to research and development not only supports its growth trajectory but also positions it favorably in response to the rising global demand for animal health services and food safety. With a unique focus on the companion animal sector, IDEXX continues to lead in driving improvements in health outcomes across diverse animal populations.",874716,NASDAQ,USD,USA,HEALTHCARE,DIAGNOSTICS & RESEARCH,"ONE IDEXX DRIVE, WESTBROOK, ME, UNITED STATES, 04092",https://www.idexx.com,2024-12-31,2023-12-31,3897504000.0,3660953000.0,887867000.0,845042000.0,2378927000.0,2189970000.0,6.46145962540355,5.067795446853529,8.628291711758608
ITW,Common Stock,Illinois Tool Works Inc,"Illinois Tool Works Inc. (ITW) is a leading diversified industrial manufacturer headquartered in the United States, specializing in engineered fasteners and components, as well as equipment and consumable systems across multiple sectors. With a broad and innovative product portfolio, ITW is strategically positioned to capitalize on technological advancements and operational efficiencies, ensuring high-quality solutions tailored to customer needs. The company's commitment to sustainability and shareholder value is reflected in its consistent financial performance and dedication to strategic acquisitions and organic growth initiatives, positioning ITW for continued success in a competitive global landscape.",49826,NYSE,USD,USA,INDUSTRIALS,SPECIALTY INDUSTRIAL MACHINERY,"155 HARLEM AVENUE, GLENVIEW, IL, UNITED STATES, 60025",https://www.itw.com,2024-12-31,2023-12-31,15898000000.0,16107000000.0,3488000000.0,2957000000.0,6939000000.0,6791000000.0,-1.297572484013162,17.95738924585729,2.179355028714475
INCY,Common Stock,Incyte Corporation,"Incyte Corporation, based in Wilmington, Delaware, is a leading biopharmaceutical firm specializing in the development of innovative therapies for oncology and other critical diseases. Founded in 1991, the company has established a strong commercial presence with its flagship product, Jakafi, which is used to treat myelofibrosis and polycythemia vera, while also advancing a diverse pipeline of candidates targeting various cancer types. Incyte's dedication to precision medicine and its collaborative approach to research underscore its pivotal role in addressing unmet medical needs in the healthcare landscape. With a focus on scientific innovation, Incyte aims to enhance patient outcomes and solidify its status as a key player in biopharma.",879169,NASDAQ,USD,USA,HEALTHCARE,BIOTECHNOLOGY,"1801 AUGUSTINE CUT-OFF, WILMINGTON, DE, UNITED STATES, 19803",https://www.incyte.com,2024-12-31,2023-12-31,4241216999.0,3695649000.0,32615000.0,597599000.0,3863501000.0,3380499000.0,14.76244088656688,-94.54232687805703,14.28789063389754
IR,Common Stock,Ingersoll Rand Inc,"Ingersoll Rand Inc. (IR), founded in 1859, stands as a premier global provider of innovative industrial equipment and technologies, catering to various sectors with a robust portfolio that includes high-quality compressed air systems, vacuum solutions, and power tools. The company's commitment to sustainability and efficiency underpins its mission to deliver sustainable productivity to customers worldwide. With a strong emphasis on energy-efficient technologies and automation solutions, Ingersoll Rand is strategically positioned for growth in an evolving industrial landscape, making it an attractive investment opportunity for institutional investors.",1699150,NYSE,USD,USA,INDUSTRIALS,SPECIALTY INDUSTRIAL MACHINERY,"525 HARBOUR PLACE DRIVE, DAVIDSON, NC, UNITED STATES, 28036",https://www.irco.com,2024-12-31,2023-12-31,7235000000.0,6876100000.0,838600000.0,778700000.0,3170000000.0,2882200000.0,5.219528511801748,7.6923076923076925,9.9854277982097
PODD,Common Stock,Insulet Corporation,"Insulet Corporation (PODD) is a pioneering company in the field of insulin delivery systems, dedicated to enhancing the quality of life for individuals with insulin-dependent diabetes through innovative technology. Based in Acton, Massachusetts, Insulet is renowned for its Omnipod® Insulin Management System, a revolutionary tubeless, wearable pump that provides patients with unprecedented flexibility and ease of use. With a robust commitment to advancing diabetes care, Insulet is actively expanding its technological offerings and global footprint, solidifying its position as a leader in the diabetes management market.",1145197,NASDAQ,USD,USA,HEALTHCARE,MEDICAL DEVICES,"100 NAGOG PARK, ACTON, MA, UNITED STATES, 01720",https://www.insulet.com,2024-12-31,2023-12-31,2071600000.0,1697100000.0,418300000.0,206300000.0,1445700000.0,1159900000.0,22.067055565376233,102.76296655356276,24.640055177170446
INTC,Common Stock,Intel Corporation,"Intel Corporation, headquartered in Santa Clara, California, is a preeminent player in the global semiconductor industry, known as the world's largest chip manufacturer by revenue. The company revolutionized personal computing with its x86 microprocessors, which dominate the market. In response to shifting industry demands, Intel is strategically evolving its offerings to emphasize data-centric technologies, artificial intelligence, and cloud solutions, positioning itself at the forefront of the next generation of computing. With a robust emphasis on innovation and a commitment to extensive R&D, Intel continues to enhance its competitive advantage in an increasingly interconnected world.",50863,NASDAQ,USD,USA,TECHNOLOGY,SEMICONDUCTORS,"2200 MISSION COLLEGE BOULEVARD, SANTA CLARA, CA, UNITED STATES, 95054-1549",https://www.intel.com,2024-12-31,2023-12-31,53101000000.0,54228000000.0,-18756000000.0,1689000000.0,17345000000.0,21711000000.0,-2.0782621523935974,-1210.4795737122558,-20.10962185067477
IBKR,Common Stock,Interactive Brokers Group Inc,"Interactive Brokers Group, Inc. (IBKR) is a premier global electronic brokerage firm based in Greenwich, Connecticut, distinguished by its cutting-edge trading technology and comprehensive financial services. Serving both institutional and retail investors, the company offers extensive access to a diverse range of financial instruments across various markets and asset classes. With a strong emphasis on cost efficiency and advanced risk management solutions, Interactive Brokers is strategically positioned to leverage industry trends and meet the complex demands of its sophisticated client base.",1381197,NASDAQ,USD,USA,FINANCIAL SERVICES,CAPITAL MARKETS,"ONE PICKWICK PLAZA, GREENWICH, CT, UNITED STATES, 06830",https://www.interactivebrokers.com,2024-12-31,2023-12-31,9316000000.0,7787000000.0,755000000.0,600000000.0,8295000000.0,6874000000.0,19.635289585206113,25.833333333333336,20.672097759674134
ICE,Common Stock,Intercontinental Exchange Inc,"Intercontinental Exchange Inc. (ICE) is a prominent global financial market infrastructure provider, founded in 2000, that operates a comprehensive network of exchanges and clearinghouses across diverse financial and commodity sectors. As a Fortune 500 company, ICE is integral to facilitating transparent and efficient trading, offering an array of services, including mortgage technology, data analytics, and listing solutions. With a strong emphasis on innovation and regulatory adherence, ICE remains committed to enhancing its role within the global financial ecosystem, effectively serving institutional investors and market participants around the world.",1571949,NYSE,USD,USA,FINANCIAL SERVICES,FINANCIAL DATA & STOCK EXCHANGES,"5660 NEW NORTHSIDE DRIVE, ATLANTA, GA, UNITED STATES, 30328",https://www.ice.com,2024-12-31,2023-12-31,11761000000.0,9903000000.0,2754000000.0,2368000000.0,6522000000.0,5659000000.0,18.7619913157629,16.300675675675674,15.250044177416505
IFF,Common Stock,International Flavors & Fragrances Inc,"International Flavors & Fragrances Inc. (IFF) is a premier global leader in the development and manufacture of innovative flavors and fragrances, enhancing a diverse range of consumer products across sectors such as food and beverage, personal care, and household goods. Headquartered in New York City, IFF capitalizes on its robust research and development capabilities to deliver sustainable, high-quality solutions tailored to the evolving needs of its clients. The company's commitment to sustainability and strategic partnerships underpins its growth strategy, reinforcing its position as a pivotal player in the competitive flavor and fragrance industry. Through continuous innovation and targeted acquisitions, IFF is well-equipped to adapt and thrive in a rapidly changing market landscape.",51253,NYSE,USD,USA,BASIC MATERIALS,SPECIALTY CHEMICALS,"521 WEST 57TH STREET, NEW YORK, NY, UNITED STATES, 10019-2960",https://www.iff.com,2024-12-31,2023-12-31,11484000000.0,11479000000.0,243000000.0,-2565000000.0,4124000000.0,3681000000.0,0.043557801202195316,-109.47368421052633,12.034773159467536
IP,Common Stock,International Paper,"International Paper Company (NYSE: IP), headquartered in Memphis, Tennessee, is a leading global manufacturer of sustainable pulp and paper products, delivering high-quality paper, packaging, and wood solutions across various industries. Renowned for its commitment to environmental stewardship, the company employs innovative technologies to optimize efficiency and drive growth across its extensive operations in North America, Europe, Latin America, Asia, and Russia. With a strategic focus on long-term profitability and adaptability to market demands, International Paper positions itself to meet the evolving needs of its diverse customer base in an increasingly competitive landscape.",51434,NYSE,USD,USA,CONSUMER CYCLICAL,PACKAGING & CONTAINERS,"6400 POPLAR AVENUE, MEMPHIS, TN, UNITED STATES, 38197",https://www.internationalpaper.com,2024-12-31,2023-12-31,18619000000.0,18916000000.0,557000000.0,288000000.0,5243000000.0,5287000000.0,-1.570099386762529,93.40277777777779,-0.8322299981085681
IPG,Common Stock,Interpublic Group of Companies Inc,"The Interpublic Group of Companies, Inc. (IPG) is a prominent global leader in advertising and marketing services, renowned for its extensive portfolio that encompasses five major networks: FCB, IPG Mediabrands, McCann Worldgroup, MullenLowe Group, and a range of specialized agencies. With a strong focus on innovation and adaptability, IPG effectively addresses the multifaceted needs of its clients through expertise in public relations, sports marketing, talent representation, and healthcare marketing. The company's commitment to leveraging cutting-edge strategies and comprehensive resources positions it favorably to drive sustainable growth and enhance brand value in an increasingly competitive marketplace.",51644,NYSE,USD,USA,COMMUNICATION SERVICES,ADVERTISING AGENCIES,"909 THIRD AVENUE, NEW YORK, NY, UNITED STATES, 10022",https://www.interpublic.com,2024-12-31,2023-12-31,10691700000.0,10889300000.0,689500000.0,1098400000.0,1819700000.0,1814200000.0,-1.8146253661851544,-37.226875455207576,0.3031639290045199
INTU,Common Stock,Intuit Inc,"Intuit Inc. (Ticker: INTU) is a premier American financial software company recognized for its cutting-edge solutions that enhance financial management for both consumers and businesses. Renowned for flagship products such as TurboTax, QuickBooks, and Mint, Intuit has established a dominant position in the financial technology landscape. With a strong emphasis on innovation and user-centric design, the company employs advanced analytics to streamline financial processes, thereby delivering significant value to its customers. Intuit's strategic focus on data-driven growth and its ability to adapt to evolving market demands position it well for long-term success and shareholder value appreciation in the competitive fintech arena.",896878,NASDAQ,USD,USA,TECHNOLOGY,SOFTWARE - APPLICATION,"2700 COAST AVENUE, MOUNTAIN VIEW, CA, UNITED STATES, 94043",https://www.intuit.com,2025-07-31,2024-07-31,18831000000.0,16285000000.0,3869000000.0,2963000000.0,15207000000.0,12820000000.0,15.634019035922627,30.577117786027674,18.619344773790953
ISRG,Common Stock,Intuitive Surgical Inc,"Intuitive Surgical, Inc. is a premier American medical technology company that transforms surgery through its pioneering robotic-assisted surgical systems, notably the da Vinci Surgical System. The firm is dedicated to enhancing patient outcomes by developing minimally invasive surgical technologies, supported by an extensive portfolio of instruments, accessories, and comprehensive training programs for healthcare providers. With a strong emphasis on innovation, Intuitive Surgical is strategically positioned to capture growth opportunities in the rapidly evolving robotic surgery market, driving advancements in surgical precision and patient recovery rates.",1035267,NASDAQ,USD,USA,HEALTHCARE,MEDICAL INSTRUMENTS & SUPPLIES,"1020 KIFER ROAD, SUNNYVALE, CA, UNITED STATES, 94086-5304",https://www.intuitive.com,2024-12-31,2023-12-31,8352100000.0,7124100000.0,2322600000.0,1798000000.0,5634200000.0,4729500000.0,17.23726505804242,29.17686318131257,19.12887197378158
IVZ,Common Stock,Invesco Plc,"Invesco Ltd. (IVZ), headquartered in Atlanta, Georgia, is a preeminent independent investment management firm offering a diverse range of investment solutions across multiple asset classes, including equities, fixed income, and alternatives. Catering to a broad clientele that encompasses institutions, intermediaries, and individual investors, Invesco leverages its fiduciary responsibility to deliver strong performance and sustainable long-term value. The firm's strategic approach combines active, passive, and smart beta strategies, underlining its commitment to innovation and adaptability in an ever-evolving investment landscape. With a global presence and a focus on client-centric solutions, Invesco is well-equipped to navigate the complexities of the financial markets.",914208,NYSE,USD,USA,FINANCIAL SERVICES,ASSET MANAGEMENT,"MIDTOWN UNION, ATLANTA, GA, UNITED STATES, 30309",https://www.invesco.com,2024-12-31,2023-12-31,6067000000.0,5716400000.0,774800000.0,-333700000.0,2027200000.0,5716400000.0,6.133230704639284,-332.1845969433623,-64.5371212651319
INVH,Common Stock,Invitation Homes Inc,"Invitation Homes Inc. (INVH) is the leading provider of single-family home rentals across the United States, uniquely positioned to meet the growing demand for rental properties that cater to evolving lifestyle preferences. With a robust portfolio of high-quality, renovated homes located near key employment hubs and esteemed educational institutions, INVH delivers exceptional living experiences that attract and retain tenants. The company utilizes deep market insights and operational efficiencies to not only enhance living standards but also to drive sustainable growth in a rapidly changing housing landscape. By focusing on strategic community engagement and responsive service, Invitation Homes is well-equipped to navigate the increasing interest in single-family rentals, ensuring both tenant satisfaction and long-term value creation for investors.",1687229,NYSE,USD,USA,REAL ESTATE,REIT - RESIDENTIAL,"5420 LBJ FREEWAY, DALLAS, TX, UNITED STATES, 75240",https://www.invitationhomes.com,2024-12-31,2023-12-31,2618942000.0,2432278000.0,453917000.0,519470000.0,1546179000.0,1456134000.0,7.674451686854875,-12.619208038962789,6.183840223495914
IQV,Common Stock,IQVIA Holdings Inc,"IQVIA Holdings Inc. is a premier global provider of advanced analytics, technology solutions, and contract research services, primarily catering to the healthcare sector. Formed through the merger of Quintiles and IMS Health, IQVIA excels in biopharmaceutical development and commercial outsourcing, offering comprehensive support for Phase I-IV clinical trials and laboratory services. By harnessing state-of-the-art data and technology, the company is committed to driving innovation, enhancing patient outcomes, and leading the transformation of healthcare on a global scale.",1478242,NYSE,USD,USA,HEALTHCARE,DIAGNOSTICS & RESEARCH,"2400 ELLIS ROAD, DURHAM, NC, UNITED STATES, 27703",https://www.iqvia.com,2024-12-31,2023-12-31,15405000000.0,14984000000.0,1373000000.0,1358000000.0,5375000000.0,5239000000.0,2.8096636412172984,1.1045655375552283,2.5959152510020997
IRM,Common Stock,Iron Mountain Incorporated,"Iron Mountain Incorporated (NYSE: IRM) is a leading provider of enterprise information management services, focused on the secure storage, management, and digitization of both physical and digital assets. Established in 1951 and headquartered in Boston, Massachusetts, it serves a wide array of industries, enabling organizations to safeguard information, enhance accessibility, and comply with regulatory requirements. Iron Mountain distinguishes itself with a commitment to sustainability and data protection, continuously innovating its service portfolio to meet the dynamic needs of the information management sector. As a trusted partner, the company positions itself at the forefront of this evolving landscape.",1020569,NYSE,USD,USA,REAL ESTATE,REIT - SPECIALTY,"85 NEW HAMPSHIRE AVENUE, PORTSMOUTH, NH, UNITED STATES, 03801",https://www.ironmountain.com,2024-12-31,2023-12-31,6149909000.0,5480289000.0,180156000.0,184234000.0,3453360000.0,3122489000.0,12.218698685416044,-2.213489366783547,10.596386408406882
JBHT,Common Stock,JB Hunt Transport Services Inc,"J.B. Hunt Transport Services, Inc. (JBHT) is a premier American transportation and logistics provider headquartered in Lowell, Arkansas, recognized for its comprehensive shipping and logistics solutions. The company operates a robust portfolio that encompasses intermodal, dedicated contract services, and truckload operations, underpinned by a commitment to innovation and sustainability. As a leader in utilizing advanced technology to enhance supply chain efficiency, J.B. Hunt is strategically positioned to meet the escalating demand for reliable transportation services, thereby creating significant growth opportunities and maximizing shareholder value in an increasingly competitive market.",728535,NASDAQ,USD,USA,INDUSTRIALS,INTEGRATED FREIGHT & LOGISTICS,"615 J.B. HUNT CORPORATE DRIVE, LOWELL, AR, UNITED STATES, 72745-0130",https://www.jbhunt.com,2024-12-31,2023-12-31,12087204000.0,12829665000.0,570886000.0,728287000.0,2063158000.0,2210139000.0,-5.78706458820242,-21.612496172525393,-6.650305704754317
JBL,Common Stock,Jabil Circuit Inc,"Jabil Circuit Inc. (JBL) is a premier global provider of advanced manufacturing solutions, offering comprehensive services in product design, supply chain management, and end-to-end manufacturing across diverse sectors such as electronics, healthcare, and telecommunications. With its headquarters in Saint Petersburg, Florida, Jabil leverages a vast network of facilities worldwide to deliver innovative, scalable solutions tailored to meet the distinct needs of its clients. The company’s strong emphasis on operational excellence and sustainability not only enhances its competitive edge but also solidifies its position as a pivotal player in the rapidly evolving global manufacturing landscape.",898293,NYSE,USD,USA,TECHNOLOGY,ELECTRONIC COMPONENTS,"10800 ROOSEVELT BOULEVARD NORTH, SAINT PETERSBURG, FL, UNITED STATES, 33716",https://www.jabil.com,2025-08-31,2024-08-31,29802000000.0,28883000000.0,657000000.0,1388000000.0,2646000000.0,2676000000.0,3.181802444344424,-52.665706051873194,-1.1210762331838564
JKHY,Common Stock,Jack Henry & Associates Inc,"Jack Henry & Associates, Inc. (JKHY) is a premier technology provider dedicated to delivering innovative payment processing and software solutions for the financial services industry. With a comprehensive range of products designed to improve operational efficiency and enhance customer experiences, the company serves over 8,000 clients, including banks and credit unions. Jack Henry's expertise in payment solutions, risk management, and data analytics, combined with a steadfast commitment to service excellence, establishes it as a trusted partner for financial institutions navigating a rapidly evolving market landscape.",779152,NASDAQ,USD,USA,TECHNOLOGY,INFORMATION TECHNOLOGY SERVICES,"663 WEST HIGHWAY 60, MONETT, MO, UNITED STATES, 65708-8215",https://www.jackhenry.com,2025-06-30,2024-06-30,2375288000.0,2215543000.0,455748000.0,381816000.0,1014541000.0,916066000.0,7.210196326589012,19.36325350430574,10.749771304687654
J,Common Stock,Jacobs Solutions Inc.,"Jacobs Solutions Inc. (NYSE: J) is a premier global professional services firm renowned for its engineering, technical, and construction expertise. The company operates across diverse sectors such as infrastructure, environmental, and aerospace, delivering innovative and sustainable solutions tailored to a broad clientele, including corporations and governmental entities. With a strong commitment to excellence and strategic growth, Jacobs harnesses cutting-edge technology and deep industry knowledge to tackle complex challenges, enhancing outcomes for communities on a global scale.",52988,NYSE,USD,USA,INDUSTRIALS,ENGINEERING & CONSTRUCTION,"1999 BRYAN STREET, DALLAS, TX, UNITED STATES, 75201",https://www.jacobs.com,2024-09-30,2023-09-30,11500941000.0,10851420000.0,806093000.0,665777000.0,2832756000.0,2710860000.0,5.985585296670851,21.0755252884975,4.496580420973418
JNJ,Common Stock,Johnson & Johnson,"Johnson & Johnson (JNJ) is a premier American multinational corporation, founded in 1886, that operates across three main segments: medical devices, pharmaceuticals, and consumer health products. Renowned for its commitment to innovation and quality, J&J plays a pivotal role in the global healthcare landscape and is consistently recognized as one of the world's most valuable enterprises. As a prominent member of the Dow Jones Industrial Average with a coveted AAA credit rating, the company exemplifies financial stability and robust operational performance. Positioned 36th on the Fortune 500 list, J&J is well-equipped to drive sustainable growth while maintaining its status as a trusted provider of health solutions worldwide.",200406,NYSE,USD,USA,HEALTHCARE,DRUG MANUFACTURERS - GENERAL,"ONE JOHNSON & JOHNSON PLAZA, NEW BRUNSWICK, NJ, UNITED STATES, 08933",https://www.jnj.com,2024-12-31,2023-12-31,88821000000.0,85159000000.0,14066000000.0,35153000000.0,61350000000.0,58413000000.0,4.300191406662831,-59.986345404375164,5.027990344615069
JCI,Common Stock,Johnson Controls International PLC,"Johnson Controls International PLC, headquartered in Cork, Ireland, is a prominent global leader in enhancing building efficiency through innovative fire, HVAC, and security technologies. Committed to sustainability, the company leverages its vast expertise to drive operational excellence in diverse sectors, effectively creating safer, smarter, and more sustainable environments. As the market increasingly prioritizes energy efficiency and integrated building management solutions, Johnson Controls is strategically positioned to capitalize on substantial growth opportunities worldwide, reinforcing its status as a key player in the industry.",833444,NYSE,USD,USA,INDUSTRIALS,BUILDING PRODUCTS & EQUIPMENT,"ONE ALBERT QUAY, CORK, IRELAND, T12 X8N6",https://www.johnsoncontrols.com,2025-09-30,2024-09-30,23596000000.0,22952000000.0,1721000000.0,1705000000.0,8592000000.0,8081000000.0,2.8058556988497734,0.9384164222873901,6.323474817473085
JPM,Common Stock,JPMorgan Chase & Co,"JPMorgan Chase & Co. is a premier American multinational investment bank and financial services holding company, headquartered in New York City, and is regarded as one of the Big Four banks in the U.S. As a Bulge Bracket firm, it delivers an extensive range of services, including investment banking, asset management, private banking, and treasury services, capitalizing on its distinguished J.P. Morgan brand. With a strong global footprint and a focus on innovative financial solutions, JPMorgan Chase is strategically positioned to cater to the complex needs of institutional investors, all while upholding its dedication to regulatory compliance and proactive risk management.",19617,NYSE,USD,USA,FINANCIAL SERVICES,BANKS - DIVERSIFIED,"383 MADISON AVENUE, NEW YORK, NY, UNITED STATES, 10179",https://www.jpmorganchase.com,2024-12-31,2023-12-31,278906000000.0,236273000000.0,58471000000.0,49552000000.0,166878000000.0,145670000000.0,18.04395762528939,17.99927349047465,14.558934578156107
K,Common Stock,Kellanova,"Kellanova, previously the Kellogg Company, is a prominent American multinational food manufacturer based in Battle Creek, Michigan, recognized for its extensive portfolio of iconic brands in breakfast cereals, snacks, and convenience foods. Committed to meeting evolving consumer demands for nutritious and convenient options, the company emphasizes innovation and sustainability as cornerstones of its growth strategy. As it navigates the complexities of the global food industry, Kellanova is poised to capitalize on emerging market trends and enhance shareholder value through its adaptive business model.",55067,NYSE,USD,USA,CONSUMER DEFENSIVE,PACKAGED FOODS,"412 NORTH WELLS STREET, CHICAGO, IL, UNITED STATES, 60654",https://www.kellanova.com,2024-12-31,2023-12-31,12749000000.0,13122000000.0,1356000000.0,951000000.0,4545000000.0,4283000000.0,-2.842554488645024,42.586750788643535,6.117207564791034
KVUE,Common Stock,Kenvue Inc.,"Kenvue Inc. is a prominent player in the consumer health sector, offering a comprehensive array of over-the-counter products and personal care essentials designed to enhance consumer well-being. Backed by a strong portfolio of reputable brands, Kenvue prioritizes innovation and sustainability, positioning itself for sustainable growth in a market increasingly focused on health and wellness. By harnessing its extensive global footprint and deep consumer insights, Kenvue is well-equipped to capitalize on emerging health trends, making it an attractive investment opportunity for institutional investors looking to diversify within the healthcare industry.",1944048,NYSE,USD,USA,CONSUMER DEFENSIVE,HOUSEHOLD & PERSONAL PRODUCTS,"1 KENVUE WAY, SUMMIT, NJ, UNITED STATES, 07901",https://www.kenvue.com,2024-12-31,2023-12-31,15455000000.0,15444000000.0,1030000000.0,1664000000.0,8959000000.0,8643000000.0,0.07122507122507123,-38.10096153846153,3.6561379150757842
KDP,Common Stock,Keurig Dr Pepper Inc,"Keurig Dr Pepper Inc. (KDP) is a prominent beverage company headquartered in Burlington, Massachusetts, recognized for its diverse and extensive brand portfolio that spans coffee, soft drinks, and flavored waters. The company has established a robust presence in both the domestic and international markets, utilizing innovative product development strategies and strong distribution networks to fuel its growth trajectory. KDP's proactive commitment to sustainability and alignment with contemporary consumer preferences enhance its competitive edge, positioning the company as a compelling investment opportunity for institutional investors focused on the evolving dynamics of the beverage industry.",1418135,NASDAQ,USD,USA,CONSUMER DEFENSIVE,BEVERAGES - NON-ALCOHOLIC,"53 SOUTH AVENUE, BURLINGTON, MA, UNITED STATES, 01803",https://www.keurigdrpepper.com,2024-12-31,2023-12-31,15351000000.0,14814000000.0,1441000000.0,2181000000.0,8529000000.0,8080000000.0,3.6249493722154718,-33.92939018798716,5.556930693069307
KEY,Common Stock,KeyCorp,"KeyCorp, through its primary subsidiary KeyBank, is a leading regional financial institution headquartered in Cleveland, Ohio. The bank delivers a broad spectrum of services, including retail and commercial banking, wealth management, and investment solutions, emphasizing customer-centric innovation and community engagement. With a strategic footprint across vital markets in the U.S., KeyCorp is well-positioned to serve the diverse needs of both individual and business clients, reinforcing its competitive edge in the financial services landscape.",91576,NYSE,USD,USA,FINANCIAL SERVICES,BANKS - REGIONAL,"127 PUBLIC SQUARE, CLEVELAND, OH, UNITED STATES, 44114-1306",https://www.key.com,2024-12-31,2023-12-31,9055000000.0,10229000000.0,-161000000.0,967000000.0,4058000000.0,5726000000.0,-11.477172744158764,-116.64943123061013,-29.130282920013972
KEYS,Common Stock,Keysight Technologies Inc,"Keysight Technologies Inc. is a premier American provider of electronic test and measurement solutions, catering to diverse sectors such as communications, aerospace, defense, automotive, and semiconductor manufacturing. Renowned for its commitment to innovation, Keysight offers an extensive suite of software and hardware tools that empower engineers to design and validate next-generation technologies, particularly in 5G, IoT, and cloud computing. The company's robust portfolio not only enhances product quality but also drives critical research and development efforts globally, positioning Keysight as an essential partner in the ongoing evolution of the electronics industry.",1601046,NYSE,USD,USA,TECHNOLOGY,SCIENTIFIC & TECHNICAL INSTRUMENTS,"1400 FOUNTAINGROVE PARKWAY, SANTA ROSA, CA, UNITED STATES, 95403-1738",https://www.keysight.com,2024-10-31,2023-10-31,4979000000.0,5464000000.0,614000000.0,1057000000.0,3133000000.0,3532000000.0,-8.87628111273792,-41.91106906338695,-11.296715741789354
KMB,Common Stock,Kimberly-Clark Corporation,"Kimberly-Clark Corporation is a premier global personal care company, headquartered in the United States, recognized for its extensive range of essential consumer products, which include renowned brands such as Huggies, Kleenex, and Kotex. The company places a strong emphasis on innovation and sustainability, continuously evolving to meet dynamic consumer demands while ensuring operational efficiency. With a formidable distribution network and significant presence across both mature and developing markets, Kimberly-Clark is strategically positioned for sustained growth. Its dedication to delivering superior quality products enhances its status as a prominent force within the competitive consumer goods sector.",55785,NYSE,USD,USA,CONSUMER DEFENSIVE,HOUSEHOLD & PERSONAL PRODUCTS,"PO BOX 619100, DALLAS, TX, UNITED STATES, 75261-9100",https://www.kimberly-clark.com,2024-12-31,2023-12-31,20058000000.0,20431000000.0,2545000000.0,1762000000.0,7180000000.0,7032000000.0,-1.8256570897166071,44.43813847900113,2.1046643913538112
KIM,Common Stock,Kimco Realty Corporation,"Kimco Realty Corporation (KIM) is a premier real estate investment trust (REIT) dedicated to the ownership, operation, and development of open-air shopping centers in prime markets throughout the United States. With a robust portfolio that prioritizes tenant synergy and community engagement, Kimco is strategically positioned to adapt to the dynamic retail environment. The company's deep market insights and operational expertise drive significant value creation, making it an attractive investment choice for institutional investors looking to capitalize on trends in the retail real estate sector.",879101,NYSE,USD,USA,REAL ESTATE,REIT - RETAIL,"500 NORTH BROADWAY, JERICHO, NY, UNITED STATES, 11753-2128",https://www.kimcorealty.com,2024-12-31,2023-12-31,2037014000.0,1783400000.0,410785000.0,654273000.0,1399361000.0,1226682000.0,14.22081417517102,-37.215046318585664,14.076916429848973
KMI,Common Stock,Kinder Morgan Inc,"Kinder Morgan, Inc. is a leading energy infrastructure company in North America, focusing on the ownership and operation of an extensive network of oil and gas pipelines and storage terminals. With a strong emphasis on safety and environmental sustainability, the company plays a vital role in the efficient transportation and storage of energy resources, connecting producers with consumers across various regions. As the energy industry shifts toward cleaner solutions, Kinder Morgan is strategically positioned to leverage increasing demand for reliable infrastructure, underlining its importance within the dynamic energy sector.",1506307,NYSE,USD,USA,ENERGY,OIL & GAS MIDSTREAM,"1001 LOUISIANA STREET, HOUSTON, TX, UNITED STATES, 77002",https://www.kindermorgan.com,2024-12-31,2023-12-31,15073000000.0,15334000000.0,2613000000.0,2486000000.0,5528000000.0,8146000000.0,-1.7020999086996218,5.108608205953339,-32.1384728701203
KKR,Common Stock,KKR & Co LP,,1404912,NYSE,USD,USA,FINANCIAL SERVICES,ASSET MANAGEMENT,"30 HUDSON YARDS, NEW YORK, NY, UNITED STATES, 10001",https://www.kkr.com,2024-12-31,2023-12-31,21640288000.0,14322870000.0,3076245000.0,3732261000.0,3841876000.0,4860651000.0,51.08904849377255,-17.576905795173488,-20.959641002820405
KLAC,Common Stock,KLA-Tencor Corporation,"KLA Corporation is a premier capital equipment provider based in Milpitas, California, focusing on advanced process control and yield management solutions tailored for the semiconductor and nanoelectronics sectors. The company boasts a robust portfolio that supports all stages of production, from R&D to high-volume manufacturing, thereby significantly enhancing the efficiency and profitability of semiconductor manufacturing. KLA's unwavering commitment to innovation and technology leadership positions it as an essential partner for its clients, empowering them to optimize yield and accelerate the development of next-generation semiconductor production processes.",319201,NASDAQ,USD,USA,TECHNOLOGY,SEMICONDUCTOR EQUIPMENT & MATERIALS,"ONE TECHNOLOGY DRIVE, MILPITAS, CA, UNITED STATES, 95035",https://www.kla.com,2025-06-30,2024-06-30,12156162000.0,9812247000.0,4061643000.0,2761896000.0,7575158000.0,5884174000.0,23.887647752854164,47.05995446606244,28.73783134217309
KHC,Common Stock,Kraft Heinz Co,"The Kraft Heinz Company (KHC) is a prominent American food and beverage powerhouse, resulting from the merger of Kraft Foods and Heinz. With dual headquarters in Chicago, Illinois, and Pittsburgh, Pennsylvania, the company encompasses a robust portfolio of well-known brands such as Kraft, Heinz, Oscar Mayer, and Philadelphia. Committed to innovation and sustainability, Kraft Heinz seeks to enhance product quality and operational efficiency across its global supply chain. By strategically aligning with evolving consumer trends, the company is well-equipped to navigate and thrive in the competitive landscape of the food industry.",1637459,NASDAQ,USD,USA,CONSUMER DEFENSIVE,PACKAGED FOODS,"ONE PPG PLACE, PITTSBURGH, PA, UNITED STATES, 15222",https://www.kraftheinzcompany.com,2024-12-31,2023-12-31,25846000000.0,26640000000.0,2744000000.0,2855000000.0,8968000000.0,8926000000.0,-2.9804804804804803,-3.887915936952715,0.47053551422809764
KR,Common Stock,Kroger Company,"The Kroger Company, established in 1883 and headquartered in Cincinnati, Ohio, is a leading force in the U.S. retail sector, operating a vast network of supermarkets and multi-department stores. Known for its commitment to customer service, Kroger offers a diverse selection of private-label products and emphasizes sustainability and community engagement. Leveraging its economies of scale and advanced distribution systems, the company is strategically positioned to thrive in the competitive grocery landscape, driving continued growth and increasing shareholder value.",56873,NYSE,USD,USA,CONSUMER DEFENSIVE,GROCERY STORES,"1014 VINE STREET, CINCINNATI, OH, UNITED STATES, 45202-1100",https://www.thekrogerco.com,2025-01-31,2024-01-31,147123000000.0,150039000000.0,2665000000.0,2164000000.0,30157000000.0,30239000000.0,-1.9434946913802411,23.151571164510166,-0.2711729885247528
LHX,Common Stock,L3Harris Technologies Inc,"L3Harris Technologies Inc. (LHX) stands at the forefront of innovation in the defense and aerospace sectors, delivering state-of-the-art communication and electronic systems designed to enhance national security and operational efficacy. The company's robust portfolio encompasses advanced solutions in C6ISR, tactical communications, and next-generation avionics, positioning it strategically to address the evolving challenges of modern warfare and commercial applications. L3Harris is committed to supporting both government and commercial clients with its cutting-edge technologies, ensuring it remains a pivotal player in a dynamic geopolitical landscape. Through its emphasis on innovation and operational excellence, L3Harris continues to drive advancements that streamline operations and safeguard national interests globally.",202058,NYSE,USD,USA,INDUSTRIALS,AEROSPACE & DEFENSE,"1025 WEST NASA BOULEVARD, MELBOURNE, FL, UNITED STATES, 32919",https://www.l3harris.com,2024-12-31,2023-12-31,21325000000.0,19419000000.0,1502000000.0,1227000000.0,4745000000.0,4426000000.0,9.815129512333282,22.41238793806031,7.207410754631721
LH,Common Stock,Laboratory Corporation of America Holdings,"Laboratory Corporation of America Holdings (Labcorp), headquartered in Burlington, North Carolina, is a leading global life sciences company that provides comprehensive laboratory services and solutions essential for healthcare advancement. With a robust network of 36 clinical laboratories across the United States, Labcorp delivers a wide array of diagnostic testing and drug development services, playing a pivotal role in enhancing patient care. By harnessing cutting-edge technology and sophisticated data analytics, the company is at the forefront of personalized medicine, positioning itself as an indispensable partner in improving health outcomes worldwide.",920148,NYSE,USD,USA,HEALTHCARE,DIAGNOSTICS & RESEARCH,"531 SOUTH SPRING STREET, BURLINGTON, NC, UNITED STATES, 27215",https://www.labcorp.com,2024-12-31,2023-12-31,13008900000.0,12161600000.0,746000000.0,418000000.0,3624400000.0,3364900000.0,6.9670109196158405,78.4688995215311,7.711967666201076
LRCX,Common Stock,Lam Research Corp,"Lam Research Corporation (LRCX) stands as a leading provider of semiconductor processing equipment, specializing in the design, manufacturing, and servicing of critical systems for integrated circuit fabrication. The company's innovative technologies are pivotal in front-end wafer processing and extend to back-end packaging and microelectromechanical systems (MEMS), supporting the production of essential components like transistors and capacitors. Headquartered in Fremont, California, Lam Research is strategically positioned to capitalize on the surging global demand for advanced semiconductor solutions, thus reinforcing its critical role in the evolving high-tech sector.",707549,NASDAQ,USD,USA,TECHNOLOGY,SEMICONDUCTOR EQUIPMENT & MATERIALS,"4650 CUSHING PARKWAY, FREMONT, CA, UNITED STATES, 94538",https://www.lamresearch.com,2025-06-30,2024-06-30,18435591000.0,14905386000.0,5358217000.0,3827772000.0,8979059000.0,7052791000.0,23.684089764599186,39.98265831925203,27.312137847272094
LW,Common Stock,Lamb Weston Holdings Inc,"Lamb Weston Holdings, Inc. is a prominent global food processing company based in Eagle, Idaho, specializing as one of the largest producers of frozen potato products, particularly french fries. The company caters to a diverse clientele that includes restaurants, retailers, and food service operators across over 100 countries, leveraging its extensive distribution network. Committed to innovation, sustainability, and product quality, Lamb Weston continually adapts to the dynamic food industry landscape, playing a vital role in the agricultural supply chain while driving growth and value for its stakeholders.",1679273,NYSE,USD,USA,CONSUMER DEFENSIVE,PACKAGED FOODS,"599 SOUTH RIVERSHORE LANE, EAGLE, ID, UNITED STATES, 83616",https://www.lambweston.com,2025-05-31,2024-05-31,6451300000.0,6467600000.0,357200000.0,725500000.0,1365600000.0,1764700000.0,-0.2520254808584328,-50.764989662301865,-22.615742052473507
LVS,Common Stock,Las Vegas Sands Corp,"Las Vegas Sands Corporation (LVS) is a leading global operator of integrated resorts, primarily recognized for its opulent casinos, hotels, and varied entertainment offerings, with a strategic focus on key markets in Asia, notably Macau and Singapore. Headquartered in Paradise, Nevada, the company is poised to capitalize on the resurging demand for tourism and luxury experiences, reinforcing its pivotal role in the hospitality and gaming industries. LVS's dedication to sustainable practices and community engagement further enhances its appeal to institutional investors seeking responsibly managed growth opportunities in a dynamic market landscape.",1300514,NYSE,USD,USA,CONSUMER CYCLICAL,RESORTS & CASINOS,"5420 S. DURANGO DR., LAS VEGAS, NV, UNITED STATES, 89113",https://www.sands.com,2024-12-31,2023-12-31,11298000000.0,10372000000.0,1446000000.0,1221000000.0,4153000000.0,3901000000.0,8.92788276128037,18.42751842751843,6.459882081517559
LDOS,Common Stock,Leidos Holdings Inc,"Leidos Holdings Inc. (LDOS), headquartered in Reston, Virginia, is a leading diversified company providing advanced solutions in defense, aviation, information technology, and biomedical research. Formerly a part of Science Applications International Corporation (SAIC), Leidos delivers a comprehensive suite of scientific, engineering, systems integration, and technical services to a global client base that includes both governmental and commercial sectors. The company's commitment to innovation and technology drives modernization efforts and enhances operational effectiveness for its customers, positioning Leidos as a key partner in critical mission support.",1336920,NYSE,USD,USA,TECHNOLOGY,INFORMATION TECHNOLOGY SERVICES,"1750 PRESIDENTS STREET, RESTON, VA, UNITED STATES, 20190",https://www.leidos.com,2024-12-31,2023-12-31,16662000000.0,15438000000.0,1254000000.0,199000000.0,2798000000.0,2244000000.0,7.928488146132919,530.1507537688442,24.688057040998217
LEN,Common Stock,Lennar Corporation,"Lennar Corporation (LEN) is a premier home construction and real estate development firm based in Fontainebleau, Florida, recognized as one of the largest homebuilders in the United States. The company specializes in designing, constructing, and selling residential homes across a diverse range of buyer segments, including first-time, move-up, and active adult purchasers. Lennar places a strong emphasis on innovation and sustainability, utilizing advanced building techniques and energy-efficient practices to enhance the living experience. In addition to its core homebuilding operations, Lennar also engages in multifamily rental development and land acquisition, establishing itself as a versatile and comprehensive participant in the dynamic housing market. With a robust strategic approach, Lennar is well-positioned to capitalize on opportunities and deliver sustainable value to its investors.",920760,NYSE,USD,USA,CONSUMER CYCLICAL,RESIDENTIAL CONSTRUCTION,"5505 WATERFORD DISTRICT DRIVE, MIAMI, FL, UNITED STATES, 33126",https://www.lennar.com,2024-11-30,2023-11-30,35441452000.0,34233366000.0,3932533000.0,3938511000.0,5498959000.0,33984344000.0,3.5289722897830145,-0.15178325006582435,-83.819140366517
LII,Common Stock,Lennox International Inc,"Lennox International Inc. (LII) is a prominent leader in the climate control sector, renowned for its innovative heating, ventilation, air conditioning, and refrigeration (HVACR) solutions. Headquartered in Richardson, Texas, the company caters to a broad customer base across North America and beyond, prioritizing energy efficiency and sustainable technological advancements. With a strong emphasis on quality and performance, Lennox is well-positioned to capitalize on the growing demand for eco-friendly solutions in an increasingly climate-conscious market, making it a compelling investment opportunity for institutional investors.",1069202,NYSE,USD,USA,INDUSTRIALS,BUILDING PRODUCTS & EQUIPMENT,"2140 LAKE PARK BOULEVARD, RICHARDSON, TX, UNITED STATES, 75080",https://www.lennox.com,2024-12-31,2023-12-31,5341300000.0,4981900000.0,806900000.0,590100000.0,1771900000.0,1547800000.0,7.214115096649873,36.73953567192002,14.478614808114742
LLY,Common Stock,Eli Lilly and Company,"Eli Lilly and Company (Ticker: LLY), headquartered in Indianapolis, Indiana, is a prominent global pharmaceutical leader recognized for its commitment to innovation in healthcare. With a robust portfolio focused on critical therapeutic areas such as diabetes, oncology, and neurodegenerative disorders, Lilly operates in approximately 125 countries and aims to improve patient outcomes through significant research investments. The company's strategic focus on sustainable growth, complemented by a strong product pipeline and strategic collaborations, reinforces its position in the pharmaceutical industry as a key player dedicated to advancing modern medicine and enhancing shareholder value.",59478,NYSE,USD,USA,HEALTHCARE,DRUG MANUFACTURERS - GENERAL,"LILLY CORPORATE CENTER, INDIANAPOLIS, IN, UNITED STATES, 46285",https://www.lilly.com,2024-12-31,2023-12-31,45042700000.0,34124100000.0,10590000000.0,5240400000.0,36624400000.0,27041900000.0,31.996741305997812,102.08381039615297,35.43574970693627
LIN,Common Stock,Linde plc Ordinary Shares,"Linde plc is a preeminent multinational industrial gas and engineering company, recognized as the largest supplier in its sector by both market share and revenue. The firm serves a broad spectrum of industries, encompassing healthcare, manufacturing, aerospace, and energy, among others. Specializing in the production of atmospheric and process gases such as oxygen, nitrogen, hydrogen, and specialty gases, Linde is committed to advancing innovation and sustainability. By providing cutting-edge solutions that enhance operational efficiencies and promote environmental stewardship, Linde plays a pivotal role in transforming industries globally while supporting its customers' transition to a low-carbon economy.",1707925,NASDAQ,USD,USA,BASIC MATERIALS,SPECIALTY CHEMICALS,"FORGE, 43 CHURCH STREET WEST, WOKING, UNITED KINGDOM, GU21 6HT",https://www.linde.com,2024-12-31,2023-12-31,33005000000.0,32854000000.0,6565000000.0,6199000000.0,12082000000.0,11546000000.0,0.4596091800085226,5.904178093240845,4.642300363762342
LYV,Common Stock,Live Nation Entertainment Inc,"Live Nation Entertainment, Inc. (LYV) is a premier global entertainment company that excels in live event promotion, ticketing, and venue management. Formed in 2010 through the merger of Live Nation and Ticketmaster, the company has cultivated an extensive network of concert and event promotions while managing a diverse array of entertainment venues. With its integral support for a wide range of artists and its commitment to enhancing the live experience through innovative ticketing solutions, Live Nation stands out as a dominant force in the ever-evolving entertainment landscape, both domestically and internationally.",1335258,NYSE,USD,USA,COMMUNICATION SERVICES,ENTERTAINMENT,"9348 CIVIC CENTER DRIVE, BEVERLY HILLS, CA, UNITED STATES, 90210",https://www.livenationentertainment.com,2024-12-31,2023-12-31,23155625000.0,22726317000.0,896287000.0,556893000.0,5827471000.0,5475787000.0,1.889034637684584,60.94420292587625,6.422528852930181
LKQ,Common Stock,LKQ Corporation,"LKQ Corporation is a premier provider of alternative and specialty automotive parts, delivering solutions for vehicle repair and customization in the United States and Europe. The company specializes in high-quality recycled and refurbished components, effectively supporting sustainability while offering cost-effective repair options. With a robust strategy focused on market expansion through strategic acquisitions and innovation, LKQ is poised to capitalize on growth opportunities within the dynamic automotive aftermarket. Committed to operational excellence and superior customer service, LKQ stands as a key player in a sector increasingly driven by environmental awareness and efficiency.",1065696,NASDAQ,USD,USA,CONSUMER CYCLICAL,AUTO PARTS,"5846 CROSSINGS BOULEVARD, ANTIOCH, TN, UNITED STATES, 37013",https://www.lkqcorp.com,2024-12-31,2023-12-31,14355000000.0,13866000000.0,690000000.0,936000000.0,5611000000.0,5575000000.0,3.526611856339247,-26.282051282051285,0.6457399103139014
LMT,Common Stock,Lockheed Martin Corporation,"Lockheed Martin Corporation is a premier global aerospace and defense company, headquartered in North Bethesda, Maryland, dedicated to advancing national security and technological innovation. With a comprehensive portfolio that encompasses military aircraft, missile defense systems, and cyber solutions, Lockheed Martin is strategically positioned to address the complex challenges faced by its government and commercial clients worldwide. The firm’s strong focus on research and development, coupled with its extensive partnerships and resilient supply chain, drives its competitive edge and supports sustained growth in both domestic and international markets.",936468,NYSE,USD,USA,INDUSTRIALS,AEROSPACE & DEFENSE,"6801 ROCKLEDGE DRIVE, BETHESDA, MD, UNITED STATES, 20817",https://www.lockheedmartin.com,2024-12-31,2023-12-31,71043000000.0,67571000000.0,5336000000.0,6920000000.0,6930000000.0,8479000000.0,5.1382989744121,-22.890173410404625,-18.268663757518574
L,Common Stock,Loews Corp,"Loews Corporation (L) is a diversified conglomerate headquartered in New York City, with significant operations across multiple sectors including property and casualty insurance through its subsidiary CNA Financial, offshore drilling via Diamond Offshore Drilling, and energy infrastructure with Boardwalk Pipeline Partners. The company also has a notable hospitality division, Loews Hotels, and engages in the packaging industry through Altium Packaging. By strategically managing its diverse portfolio, Loews aims to enhance long-term shareholder value while upholding a disciplined capital allocation strategy, making it an attractive consideration for institutional investors seeking resilience and growth.",60086,NYSE,USD,USA,FINANCIAL SERVICES,INSURANCE - PROPERTY & CASUALTY,"9 WEST 57TH STREET, NEW YORK, NY, UNITED STATES, 10019-2714",https://www.loews.com,2024-12-31,2023-12-31,17239000000.0,15678000000.0,1414000000.0,1434000000.0,7703000000.0,6966000000.0,9.956627120806226,-1.394700139470014,10.579959804766007
LOW,Common Stock,Lowe's Companies Inc,"Lowe's Companies, Inc. (NYSE: LOW) is a leading retail giant in the home improvement sector, offering a comprehensive range of products for both professional contractors and DIY customers. Headquartered in Mooresville, North Carolina, Lowe's operates an extensive network of stores across the United States and Canada, providing essential building materials, tools, and home enhancement solutions. The company is dedicated to customer satisfaction and innovation, continually adapting to market trends while enhancing its omnichannel shopping experience, solidifying its position as a dominant player in the home improvement industry.",60667,NYSE,USD,USA,CONSUMER CYCLICAL,HOME IMPROVEMENT RETAIL,"1000 LOWES BLVD., MOORESVILLE, NC, UNITED STATES, 28117",https://www.lowes.com,2025-01-31,2024-01-31,83674000000.0,86377000000.0,6957000000.0,7726000000.0,26148000000.0,27127000000.0,-3.1293052548710882,-9.953404090085426,-3.6089504921296123
LULU,Common Stock,Lululemon Athletica Inc.,"Lululemon Athletica Inc. is a leading athletic apparel company headquartered in Vancouver, Canada, recognized for its high-quality yoga and fitness apparel that seamlessly blends performance and style. With a strong commitment to sustainability and community engagement, Lululemon differentiates itself within a competitive landscape. The company is actively expanding its footprint through both physical retail locations and a robust e-commerce platform, effectively capturing the growing global demand for health and wellness products. As wellness trends continue to shape consumer preferences, Lululemon is strategically poised for sustained growth and increased market share.",1397187,NASDAQ,USD,USA,CONSUMER CYCLICAL,APPAREL RETAIL,"1818 CORNWALL AVENUE, VANCOUVER, BC, CANADA, V6J 1C7",https://shop.lululemon.com,2025-01-31,2024-01-31,10588126000.0,9619278000.0,1814616000.0,1550190000.0,6270811000.0,5609405000.0,10.071940950245954,17.057650997619646,11.7910188335483
LYB,Common Stock,LyondellBasell Industries NV,"LyondellBasell Industries N.V. (NYSE: LYB) is a premier global chemical company headquartered in Houston, Texas, and incorporated in the Netherlands. As the foremost licensor of polyethylene and polypropylene technologies, LyondellBasell excels in producing essential petrochemicals such as ethylene and propylene, serving diverse industries with a wide range of applications. The company's strong focus on innovation and sustainability not only enhances its competitive edge but also drives long-term growth and shareholder value, enabling it to adapt to the dynamic demands of the global marketplace.",1489393,NYSE,USD,USA,BASIC MATERIALS,SPECIALTY CHEMICALS,"LYONDELLBASELL WILLIAMS TOWER, HOUSTON, TX, UNITED STATES, 77056",https://www.lyondellbasell.com,2024-12-31,2023-12-31,40302000000.0,41107000000.0,1360000000.0,2114000000.0,4564000000.0,5258000000.0,-1.9583039385019583,-35.66698202459792,-13.198934956257133
MTB,Common Stock,M&T Bank Corporation,"M&T Bank Corporation is a prominent bank holding company headquartered in Buffalo, New York, with deep roots dating back to 1856. Renowned for its comprehensive suite of financial services, M&T Bank serves individuals, businesses, and municipalities primarily across the Northeastern and Mid-Atlantic regions of the United States. The bank's offerings span commercial and retail banking, mortgage services, and wealth management, underscoring its pivotal role in regional banking. M&T Bank is committed to fostering personalized customer relationships and community engagement, positioning itself for sustainable growth and innovation in the evolving financial landscape while delivering significant value to shareholders.",36270,NYSE,USD,USA,FINANCIAL SERVICES,BANKS - REGIONAL,"ONE M&T PLAZA, BUFFALO, NY, UNITED STATES, 14203",https://www.mtb.com,2024-12-31,2023-12-31,13405000000.0,12507000000.0,2588000000.0,2741000000.0,8621000000.0,8753000000.0,7.179979211641481,-5.5819044144472825,-1.508054381354964
MPC,Common Stock,Marathon Petroleum Corp,"Marathon Petroleum Corporation (MPC) is a premier integrated downstream energy firm based in Findlay, Ohio, recognized for its significant capabilities in petroleum refining, marketing, and transportation. Operating one of the largest refining systems in the U.S., MPC emphasizes operational efficiency and strategic logistics to optimize its extensive portfolio of retail outlets and distribution networks. The company is dedicated to innovation and sustainability, positioning itself as a dynamic leader in the energy sector, well-equipped to meet the challenges of a transforming global energy landscape. With a strong focus on both commercial and consumer markets, MPC continues to enhance its competitive edge in the industry.",1510295,NYSE,USD,USA,ENERGY,OIL & GAS REFINING & MARKETING,"539 SOUTH MAIN STREET, FINDLAY, OH, UNITED STATES, 45840-3229",https://www.marathonpetroleum.com,2024-12-31,2023-12-31,138864000000.0,148379000000.0,3445000000.0,9681000000.0,9287000000.0,16506000000.0,-6.412632515382905,-64.41483317839067,-43.735611292863204
MAR,Common Stock,Marriott International Inc,"Marriott International, Inc. (MAR), headquartered in Bethesda, Maryland, is a dominant force in the global hospitality industry, with a diverse portfolio encompassing over 7,000 properties across more than 130 countries. Renowned for its flagship brands including Marriott Hotels, Ritz-Carlton, and Sheraton, the company services a wide range of market segments from luxury to select-service. Marriott is dedicated to offering exceptional guest experiences while prioritizing sustainability and community initiatives, positioning itself for robust growth in the evolving travel landscape. With its expansive scale and innovative loyalty programs, Marriott effectively drives customer retention and enhances profitability, strategically reinforcing its leadership in the hospitality sector.",1048286,NASDAQ,USD,USA,CONSUMER CYCLICAL,LODGING,"7750 WISCONSIN AVENUE, BETHESDA, MD, UNITED STATES, 20814",https://www.marriott.com,2024-12-31,2023-12-31,25100000000.0,23713000000.0,2375000000.0,3083000000.0,5101000000.0,5124000000.0,5.849112301269345,-22.964644826467726,-0.4488680718188915
MMC,Common Stock,Marsh & McLennan Companies Inc,"Marsh & McLennan Companies Inc. (MMC) is a leading global professional services firm headquartered in New York City, recognized for its comprehensive expertise in insurance brokerage, risk management, and consulting. Operating through four primary segments—Marsh, Guy Carpenter, Mercer, and Oliver Wyman—the company offers a broad array of solutions, including reinsurance, health and workforce strategies, and management consulting. With a strong emphasis on innovation and a diversified service portfolio, MMC is well-positioned to capitalize on emerging market trends, providing customized and strategic solutions to a diverse clientele across various industries worldwide.",62709,NYSE,USD,USA,FINANCIAL SERVICES,INSURANCE BROKERS,"1166 AVENUE OF THE AMERICAS, NEW YORK, NY, UNITED STATES, 10036-2774",https://www.marshmclennan.com,2024-12-31,2023-12-31,24458000000.0,22736000000.0,4060000000.0,3756000000.0,10462000000.0,18381000000.0,7.573891625615764,8.093716719914804,-43.082530874272344
MLM,Common Stock,Martin Marietta Materials Inc,"Martin Marietta Materials, Inc. is a leading supplier of aggregates and heavy building materials, serving a broad market across 26 states, Canada, and the Caribbean. The company is integral to infrastructure development, supplying essential materials for a variety of projects including roads, sidewalks, and foundations, and demonstrates a strong commitment to sustainability and innovation. With a strategic focus on operational efficiency and a diverse customer base in the construction sector, Martin Marietta is well-positioned to capitalize on the growing demand for building materials in both public and private sectors, reinforcing its status as a critical player in the industry.",916076,NYSE,USD,USA,BASIC MATERIALS,BUILDING MATERIALS,"4123 PARKLAKE AVENUE, RALEIGH, NC, UNITED STATES, 27612",https://www.martinmarietta.com,2024-12-31,2023-12-31,6536000000.0,6777000000.0,1995000000.0,1169000000.0,1878000000.0,2023000000.0,-3.5561457872214848,70.65868263473054,-7.167572911517548
MAS,Common Stock,Masco Corporation,"Masco Corporation (MAS) is a prominent manufacturer within the home improvement and residential construction markets, recognized for its commitment to sustainability and innovation. The company's diverse portfolio encompasses plumbing products, decorative architectural elements, and kitchen and bath cabinetry, enabling it to cater effectively to shifting consumer preferences and industry trends. With a strong emphasis on operational excellence and strategic investments, Masco aims to enhance shareholder value while prioritizing sustainable production practices, making it a compelling investment opportunity for institutional investors looking for growth in the evolving home improvement landscape.",62996,NYSE,USD,USA,INDUSTRIALS,BUILDING PRODUCTS & EQUIPMENT,"17450 COLLEGE PARKWAY, LIVONIA, MI, UNITED STATES, 48152",https://www.masco.com,2024-12-31,2023-12-31,7828000000.0,8008000000.0,822000000.0,908000000.0,2831000000.0,2727000000.0,-2.247752247752248,-9.47136563876652,3.813714704803814
MA,Common Stock,Mastercard Inc,"Mastercard Incorporated is a prominent American multinational financial services corporation based in Purchase, New York, with its Global Operations Headquarters located in O'Fallon, Missouri. Renowned for its facilitation of electronic payments, Mastercard connects merchants with card-issuing banks through its widely recognized debit, credit, and prepaid card offerings. The company emphasizes innovation in digital payments and fintech solutions, driving steady growth since its IPO in 2006. As a key player in the dynamic global payment systems landscape, Mastercard continues to adapt to changing consumer preferences and technological advancements, solidifying its position as a leader in the industry.",1141391,NYSE,USD,USA,FINANCIAL SERVICES,CREDIT SERVICES,"2000 PURCHASE STREET, PURCHASE, NY, UNITED STATES, 10577",https://www.mastercard.com,2024-12-31,2023-12-31,28167000000.0,25098000000.0,12874000000.0,11195000000.0,21494000000.0,19076000000.0,12.228065981353096,14.99776686020545,12.67561333612917
MTCH,Common Stock,Match Group Inc,"Match Group, Inc. is a premier global provider of dating products, boasting a robust portfolio of industry-leading brands such as Tinder, Match, OkCupid, and Plenty of Fish. With its headquarters in Dallas, Texas, the company utilizes cutting-edge technology and data analytics to improve user experiences and facilitate connections in the dynamic online dating sector. As the market leader, Match Group is focused on strategic growth through continual product innovation and partnerships, positioning itself to capitalize on the increasing digitization of social interactions and the evolving needs of its diverse user base.",891103,NASDAQ,USD,USA,COMMUNICATION SERVICES,INTERNET CONTENT & INFORMATION,"8750 NORTH CENTRAL EXPRESSWAY, DALLAS, TX, UNITED STATES, 75231",https://www.mtch.com,2024-12-31,2023-12-31,3479373000.0,3364504000.0,551276000.0,651539000.0,2488100000.0,2410490000.0,3.4141436598083996,-15.388641355314109,3.2196773270164987
MKC,Common Stock,McCormick & Company Incorporated,"McCormick & Company Incorporated (Ticker: MKC) is a leading global flavor company renowned for its extensive portfolio of spices, seasoning mixes, and condiments, serving a diverse range of customers including retail outlets, food manufacturers, and foodservice operators. With a strong commitment to quality and innovation, McCormick leverages its decades of expertise to enhance consumer experiences and drive culinary exploration. The company continues to expand its reach through strategic acquisitions and a focus on sustainability, positioning itself as a vital player in the evolving food industry landscape. As consumer preferences shift towards healthier and more diverse flavor options, McCormick is well-poised for growth, capitalizing on its strong brand recognition and comprehensive product offerings.",63754,NYSE,USD,USA,CONSUMER DEFENSIVE,PACKAGED FOODS,"24 SCHILLING ROAD, HUNT VALLEY, MD, UNITED STATES, 21031",https://www.mccormickcorporation.com,2024-11-30,2023-11-30,6723700000.0,6662200000.0,788500000.0,624200000.0,2591000000.0,2502500000.0,0.92311848938789,26.321691765459786,3.536463536463536
MCD,Common Stock,McDonald’s Corporation,"McDonald’s Corporation (MCD) is a preeminent global player in the fast-food industry, recognized for its distinctive Golden Arches and a versatile menu featuring iconic items such as hamburgers, french fries, and breakfast selections. Established in 1940, McDonald's has transformed from a single restaurant into an extensive franchise network with thousands of locations across the globe. The company is dedicated to quality and innovation, continually adapting to consumer preferences while preserving its strong brand identity. With a growing emphasis on sustainability initiatives and digital advancements, McDonald’s is well-positioned to enhance customer experience and drive long-term growth, making it an attractive prospect for institutional investors.",63908,NYSE,USD,USA,CONSUMER CYCLICAL,RESTAURANTS,"110 NORTH CARPENTER STREET, CHICAGO, IL, UNITED STATES, 60607",https://www.mcdonalds.com,2024-12-31,2023-12-31,25920000000.0,25495000000.0,8223000000.0,8469000000.0,14710000000.0,14564000000.0,1.6669935281427732,-2.9047113000354234,1.0024718483932986
MCK,Common Stock,McKesson Corporation,"McKesson Corporation (MCK) stands as a preeminent leader in the American healthcare landscape, specializing in the distribution of pharmaceuticals and medical supplies while providing integrated healthcare management solutions. Leveraging advanced technology and a comprehensive service portfolio, McKesson enhances operational efficiency for healthcare providers, payers, and pharmaceutical manufacturers. Its strategic focus on innovation not only reinforces the company's competitive advantage but also plays a crucial role in driving improved patient outcomes and optimizing healthcare delivery systems. As a key partner in the ever-evolving healthcare ecosystem, McKesson's initiatives contribute significantly to the realization of a more effective and patient-centric healthcare environment.",927653,NYSE,USD,USA,HEALTHCARE,MEDICAL DISTRIBUTION,"6555 STATE HIGHWAY 161, IRVING, TX, UNITED STATES, 75039",https://www.mckesson.com,2025-03-31,2024-03-31,359051000000.0,308951000000.0,3295000000.0,3002000000.0,12485000000.0,12202000000.0,16.21616372822875,9.760159893404396,2.3192919193574824
MDT,Common Stock,Medtronic PLC,"Medtronic plc is a leading global medical technology company headquartered in Fridley, Minnesota, specializing in the development and commercialization of advanced medical devices and therapies across key sectors such as cardiovascular, diabetes management, and neuromodulation. With a strong emphasis on innovation, Medtronic invests significantly in research and development to create cutting-edge healthcare solutions that enhance patient outcomes and quality of life. The company's commitment to sustainability and value-driven healthcare further strengthens its position as a pivotal player in the evolving medical device industry, ensuring it remains well-equipped to address the complex challenges of modern healthcare.",1613103,NYSE,USD,USA,HEALTHCARE,MEDICAL DEVICES,"BUILDING TWO, GALWAY, IRELAND",https://www.medtronic.com,2025-04-30,2024-04-30,33537000000.0,32364000000.0,4662000000.0,3676000000.0,21905000000.0,21148000000.0,3.6243974786800153,26.822633297062026,3.579534707773785
MRK,Common Stock,Merck & Company Inc,"Merck & Company Inc. is a prominent American multinational pharmaceutical corporation headquartered in Kenilworth, New Jersey, celebrated for its dedication to enhancing global health through cutting-edge pharmaceuticals and vaccines. Established in 1891 as the U.S. subsidiary of the German Merck Group, Merck has a rich history of scientific innovation, focusing on critical therapeutic areas such as oncology, infectious diseases, and cardiovascular health. The company boasts a robust pipeline of novel therapies and a strong commitment to research and development, positioning itself as a leader in the biopharmaceutical sector. By prioritizing patient outcomes and healthcare accessibility, Merck is well-equipped to navigate the evolving healthcare landscape, driving both growth and innovation through its scientific prowess and strategic collaborations.",310158,NYSE,USD,USA,HEALTHCARE,DRUG MANUFACTURERS - GENERAL,"126 EAST LINCOLN AVENUE, RAHWAY, NJ, UNITED STATES, 07065",https://www.merck.com,2024-12-31,2023-12-31,64168000000.0,60115000000.0,17117000000.0,365000000.0,48975000000.0,43989000000.0,6.7420776844381605,4589.589041095891,11.334651844779376
META,Common Stock,Meta Platforms Inc.,"Meta Platforms, Inc. is a leading technology firm based in Menlo Park, California, renowned for transforming social connectivity through its flagship platforms, including Facebook, Instagram, and WhatsApp. Pioneering developments in virtual and augmented reality via its Reality Labs division, Meta is at the forefront of the metaverse, exploring innovative consumer engagement avenues. By significantly investing in immersive technologies, the company not only attracts a large, diverse user base but also enhances its advertising revenue, thereby reinforcing its position as a dominant force in the rapidly evolving digital landscape.",1326801,NASDAQ,USD,USA,COMMUNICATION SERVICES,INTERNET CONTENT & INFORMATION,"1 META WAY, MENLO PARK, CA, UNITED STATES, 94025",https://investor.atmeta.com,2024-12-31,2023-12-31,164501000000.0,134902000000.0,62360000000.0,39098000000.0,134340000000.0,108943000000.0,21.941112807816044,59.49664944498439,23.31219077866407
MET,Common Stock,MetLife Inc,"MetLife, Inc. (Ticker: MET) is a leading global provider of insurance, annuities, and employee benefits, serving approximately 90 million customers across more than 60 countries. As the parent company of the Metropolitan Life Insurance Company, MetLife delivers a diverse array of financial solutions tailored to both individual and institutional clients’ risk management needs. With a strong emphasis on innovation and a customer-centric service model, MetLife is well-positioned for sustainable growth, enhancing shareholder value while maintaining its leadership position in the competitive insurance landscape.",1099219,NYSE,USD,USA,FINANCIAL SERVICES,INSURANCE - LIFE,"200 PARK AVENUE, NEW YORK, NY, UNITED STATES, 10166-0188",https://www.metlife.com,2024-12-31,2023-12-31,70982000000.0,67709000000.0,4426000000.0,1578000000.0,20042000000.0,17289000000.0,4.83392163523313,180.48162230671736,15.923419515298745
MTD,Common Stock,Mettler-Toledo International Inc,"Mettler-Toledo International Inc. (NYSE: MTD) stands as a premier global manufacturer of precision instruments and analytical solutions, primarily catering to laboratory, industrial, and food retail sectors. Known for its leadership in weighing technology, the company offers an extensive range of products, including advanced analytical instruments and process analytics, which are crucial in today's quality-driven markets. Mettler-Toledo's steadfast commitment to innovation, quality, and customer satisfaction is reinforced by its robust global distribution network and a strong reputation for delivering high-performance solutions that address the evolving needs of its diverse clientele.",1037646,NYSE,USD,USA,HEALTHCARE,DIAGNOSTICS & RESEARCH,"1900 POLARIS PARKWAY, COLUMBUS, OH, UNITED STATES, 43240",https://www.mt.com,2024-12-31,2023-12-31,3872361000.0,3788309000.0,863140000.0,788778000.0,2252714000.0,2241286000.0,2.218720806565673,9.427494174533265,0.5098858423244512
MGM,Common Stock,MGM Resorts International,"MGM Resorts International is a premier global hospitality and entertainment company, renowned for its extensive portfolio of luxury resorts and casinos in key markets such as Las Vegas and Macau. The company skillfully integrates gaming, accommodations, dining, and diverse entertainment experiences, ensuring exceptional guest satisfaction and reinforcing its leadership in the leisure industry. With a strong commitment to sustainability and community engagement, MGM enhances its brand reputation while creating long-term shareholder value. Through innovative strategies and a keen adaptability to changing consumer preferences, MGM Resorts is strategically positioned for growth in the dynamic global entertainment landscape.",789570,NYSE,USD,USA,CONSUMER CYCLICAL,RESORTS & CASINOS,"3600 LAS VEGAS BOULEVARD SOUTH, LAS VEGAS, NV, UNITED STATES, 89109",https://www.mgmresorts.com,2024-12-31,2023-12-31,17240545000.0,16164249000.0,746558000.0,1142180000.0,7847004000.0,7610687000.0,6.658496785096542,-34.637447687755,3.105067913054367
MCHP,Common Stock,Microchip Technology Inc,"Microchip Technology Inc. (MCHP) is a premier global provider of microcontrollers and analog semiconductor solutions, focusing on embedded control applications across diverse sectors such as automotive, industrial, and consumer electronics. The company boasts a comprehensive portfolio that features mixed-signal, analog, and Flash-IP integrated circuits, positioning it to benefit from the escalating demand for intelligent embedded systems. With a strong emphasis on innovation, customer-centric design, and strategic acquisitions, Microchip consistently enhances its capabilities, reinforcing its status as a reliable partner in technology and driving sustainable growth through ongoing research and development efforts.",827054,NASDAQ,USD,USA,TECHNOLOGY,SEMICONDUCTORS,"2355 WEST CHANDLER BOULEVARD, CHANDLER, AZ, UNITED STATES, 85224-6199",https://www.microchip.com,2025-03-31,2024-03-31,4401600000.0,7634400000.0,-500000.0,1906900000.0,2467900000.0,4995700000.0,-42.345174473436025,-100.02622056741308,-50.599515583401725
MU,Common Stock,Micron Technology Inc,"Micron Technology, Inc. is a leading American producer of advanced memory and storage solutions, significantly shaping the global semiconductor market with its cutting-edge products, including dynamic random-access memory (DRAM), NAND flash memory, and USB flash drives. Based in Boise, Idaho, the company caters to a wide range of industries such as computing, mobile, and automotive, effectively leveraging the surging demand fueled by artificial intelligence, data centers, and the Internet of Things. Micron's steadfast focus on research and development solidifies its position as a leader in memory technology, playing a crucial role in driving the digital transformation across various sectors globally.",723125,NASDAQ,USD,USA,TECHNOLOGY,SEMICONDUCTORS,"8000 SOUTH FEDERAL WAY, BOISE, ID, UNITED STATES, 83716-9632",https://www.micron.com,2025-08-31,2024-08-31,37378000000.0,25111000000.0,8539000000.0,778000000.0,14873000000.0,5613000000.0,48.85110111106686,997.5578406169666,164.97416711206128
MSFT,Common Stock,Microsoft Corporation,"Microsoft Corporation is a preeminent American multinational technology company renowned for its extensive product portfolio that includes operating systems, productivity software, and hardware solutions. Best known for its Microsoft Windows OS and the Microsoft Office suite, the company has also established a significant presence in the gaming industry with its Xbox platform and in the hardware market with the Surface series. Demonstrating strong leadership in digital transformation, Microsoft leverages cloud computing services, particularly through its Azure platform, to enhance productivity and drive innovation across numerous sectors. Its robust market position and commitment to research and development underscore its pivotal role in shaping the future of technology globally.",789019,NASDAQ,USD,USA,TECHNOLOGY,SOFTWARE - INFRASTRUCTURE,"ONE MICROSOFT WAY, REDMOND, WA, UNITED STATES, 98052-6399",https://www.microsoft.com,2025-06-30,2024-06-30,281724000000.0,245122000000.0,101832000000.0,88136000000.0,193893000000.0,171008000000.0,14.93215623240672,15.539620586366523,13.38241485778443
MAA,Common Stock,Mid-America Apartment Communities Inc,"Mid-America Apartment Communities Inc. (MAA) is a leading real estate investment trust (REIT) headquartered in Memphis, Tennessee, focused on the acquisition, development, and management of high-quality multifamily residential communities throughout the Southeastern and Southwestern United States. With a diversified portfolio of over 100 apartment communities, MAA targets markets characterized by robust population growth and high demand for rental housing, ensuring sustained operational success. The company emphasizes delivering outstanding shareholder value through strategic asset management and disciplined capital allocation, reinforcing its leadership position in the competitive multifamily housing sector.",912595,NYSE,USD,USA,REAL ESTATE,REIT - RESIDENTIAL,"6815 POPLAR AVENUE, GERMANTOWN, TN, UNITED STATES, 38138-3606",https://www.maac.com,2024-12-31,2023-12-31,2191015000.0,2148468000.0,527543000.0,552806000.0,713267000.0,747480000.0,1.980341340899655,-4.569957634323795,-4.577112431101836
MRNA,Common Stock,Moderna Inc,"Moderna, Inc. is a pioneering biotechnology company based in Cambridge, Massachusetts, recognized for its innovative approach to messenger RNA (mRNA) technology in vaccine and therapeutic development. Gaining global prominence for its role in delivering one of the first successful COVID-19 vaccines, Moderna is now strategically expanding its portfolio to target a wide array of health challenges, including immuno-oncology, rare diseases, cardiovascular conditions, and autoimmune disorders. With a commitment to advancing healthcare through cutting-edge research and a strong product pipeline, Moderna seeks to redefine the future of medicine and address unmet medical needs on a global scale.",1682852,NASDAQ,USD,USA,HEALTHCARE,BIOTECHNOLOGY,"325 BINNEY STREET, CAMBRIDGE, MA, UNITED STATES, 02142",https://www.modernatx.com,2024-12-31,2023-12-31,3199000000.0,6848000000.0,-3561000000.0,-4714000000.0,1735000000.0,2155000000.0,-53.2856308411215,-24.459058124734835,-19.489559164733176
MHK,Common Stock,Mohawk Industries Inc,"Mohawk Industries Inc. (MHK), headquartered in Calhoun, Georgia, stands as a leading American manufacturer of innovative flooring solutions, offering an extensive product portfolio that includes carpets, rugs, ceramic tiles, laminates, and vinyl. Serving diverse markets in both residential and commercial sectors primarily across North America and Europe, the company is dedicated to quality and sustainability. Mohawk leverages advanced manufacturing technologies and a commitment to innovation to meet the evolving demands of consumers and businesses alike, solidifying its position as a dominant player in the flooring industry.",851968,NYSE,USD,USA,CONSUMER CYCLICAL,"FURNISHINGS, FIXTURES & APPLIANCES","160 SOUTH INDUSTRIAL BOULEVARD, CALHOUN, GA, UNITED STATES, 30701",https://www.mohawkind.com,2024-12-31,2023-12-31,10836900000.0,11135115000.0,517700000.0,-439516000.0,2687700000.0,2709652000.0,-2.6781492602456285,-217.7886584333676,-0.8101409332268498
MOH,Common Stock,Molina Healthcare Inc,"Molina Healthcare, Inc. (MOH) is a prominent managed care organization dedicated to delivering essential healthcare services to low-income individuals and families, primarily through its Medicaid and Medicare programs, as well as state insurance marketplaces. Based in Long Beach, California, Molina capitalizes on its deep expertise in government-sponsored healthcare to effectively meet the needs of underserved populations, enhancing health outcomes while maintaining cost efficiency. The company's focus on integrated care models and strategic partnerships positions it strategically within the dynamic healthcare sector, presenting compelling investment opportunities for institutional investors aiming to capitalize on the increasing demand for accessible healthcare solutions.",1179929,NYSE,USD,USA,HEALTHCARE,HEALTHCARE PLANS,"200 OCEANGATE, LONG BEACH, CA, UNITED STATES, 90802",https://www.molinahealthcare.com,2024-12-31,2023-12-31,40650000000.0,34072000000.0,1179000000.0,1091000000.0,4736000000.0,4334000000.0,19.30617515848791,8.065994500458295,9.275496077526535
TAP,Common Stock,Molson Coors Brewing Co Class B,"The Molson Coors Beverage Company (TAP) is a prominent multinational brewing firm headquartered in Chicago, renowned for its expansive portfolio of esteemed beer brands, including Coors Light, Miller Lite, and Molson Canadian. With a legacy of over 200 years in the brewing industry, the company is committed to sustainability and innovation, actively responding to consumer shifts towards non-alcoholic beverages and craft offerings. Its strategic focus on adaptability, combined with a robust distribution network and strong brand equity, positions Molson Coors for sustainable long-term growth in the evolving beverage market.",24545,NYSE,USD,USA,CONSUMER DEFENSIVE,BEVERAGES - BREWERS,"PO BOX 4030, GOLDEN, CO, UNITED STATES, 80401",https://www.molsoncoors.com,2024-12-31,2023-12-31,11627000000.0,11702100000.0,1122400000.0,948900000.0,4533400000.0,4368800000.0,-0.6417651532630895,18.284329223311204,3.7676249771104198
MDLZ,Common Stock,Mondelez International Inc,"Mondelez International, Inc. is a leading global snack food and beverage company headquartered in Chicago, Illinois, with a diverse portfolio that includes well-known brands such as Oreo, Cadbury, and Trident. Operating in over 150 countries, Mondelez is adept at capitalizing on consumer preferences for both indulgent and health-conscious snacks. The company's strategic focus on innovation and sustainability drives its growth and market leadership in the snack food sector. With a robust commitment to enhancing shareholder value, Mondelez has consistently demonstrated strong financial performance and continues to expand its global footprint.",1103982,NASDAQ,USD,USA,CONSUMER DEFENSIVE,CONFECTIONERS,"905 WEST FULTON MARKET, CHICAGO, IL, UNITED STATES, 60607",https://www.mondelezinternational.com,2024-12-31,2023-12-31,36441000000.0,36016000000.0,4611000000.0,4959000000.0,14257000000.0,13764000000.0,1.1800310972900934,-7.017543859649122,3.5818076140656787
MPWR,Common Stock,Monolithic Power Systems Inc,"Monolithic Power Systems, Inc. (MPWR), headquartered in Kirkland, Washington, is a premier provider of high-performance power management solutions across diverse sectors, including cloud computing, telecommunications, automotive, industrial, and consumer electronics. The company specializes in the design and manufacturing of innovative power circuits that significantly enhance the efficiency and reliability of electronic systems. With a robust focus on research and development, Monolithic Power Systems is strategically positioned to leverage the escalating demand for advanced power solutions, essential in an increasingly electrified and technology-driven environment.",1280452,NASDAQ,USD,USA,TECHNOLOGY,SEMICONDUCTORS,"5808 LAKE WASHINGTON BOULEVARD NE, KIRKLAND, WA, UNITED STATES, 98033",https://www.monolithicpower.com,2024-12-31,2023-12-31,2207100000.0,1821072000.0,1786700000.0,427374000.0,1220870000.0,1021119000.0,21.197843907324916,318.0647395489665,19.561970739943142
MNST,Common Stock,Monster Beverage Corp,"Monster Beverage Corporation is a prominent leader in the energy drink sector, best known for its flagship Monster Energy brand and a diverse range of products, including Relentless and Burn. Established in 1985 and headquartered in Corona, California, the company has experienced robust growth by effectively leveraging innovative flavors and dynamic marketing strategies, appealing to a wide consumer demographic both domestically and internationally. With a keen focus on brand enhancement and strategic partnerships, Monster Beverage is well-positioned to navigate the expanding market for functional beverages and maintain its competitive edge in the rapidly evolving beverage industry.",865752,NASDAQ,USD,USA,CONSUMER DEFENSIVE,BEVERAGES - NON-ALCOHOLIC,"1 MONSTER WAY, CORONA, CA, UNITED STATES, 92879",https://www.monsterbevcorp.com,2024-12-31,2023-12-31,7492709000.0,7140027000.0,1509048000.0,1630988000.0,4048878000.0,3794206000.0,4.939505130722895,-7.476449857387056,6.712128967167308
MCO,Common Stock,Moodys Corporation,"Moody's Corporation (MCO) is a premier global provider of credit ratings, research, risk analysis, and financial information, establishing a strong foothold in the financial services industry. Operating through its two main segments, Moody's Investors Service offers comprehensive credit ratings and research, while Moody's Analytics delivers advanced software solutions and data analytics to enhance financial decision-making. The company's unparalleled analytical expertise and extensive market insights allow it to cater to a diverse range of clients, including governments, corporations, and financial institutions, solidifying its position as an essential player in the dynamic landscape of financial services and risk management.",1059556,NYSE,USD,USA,FINANCIAL SERVICES,FINANCIAL DATA & STOCK EXCHANGES,"7 WORLD TRADE CENTER, NEW YORK, NY, UNITED STATES, 10007",https://www.moodys.com,2024-12-31,2023-12-31,7088000000.0,5916000000.0,2058000000.0,1607000000.0,4707000000.0,3854000000.0,19.810682893847193,28.064716863721216,22.13284898806435
MS,Common Stock,Morgan Stanley,"Morgan Stanley is a leading global financial services firm headquartered in New York City, providing a wide range of services including investment banking, securities, wealth management, and investment management. The firm serves a diverse clientele, including corporations, governments, and individuals in over 40 countries, leveraging its extensive industry knowledge to offer innovative financial solutions. With a robust market position and a strong commitment to client success, Morgan Stanley is recognized for its strategic insights and excellence in navigating the complexities of the financial markets.",895421,NYSE,USD,USA,FINANCIAL SERVICES,CAPITAL MARKETS,"1585 BROADWAY, NEW YORK, NY, UNITED STATES, 10036",https://www.morganstanley.com,2024-12-31,2023-12-31,103145000000.0,88286000000.0,13390000000.0,9087000000.0,57357000000.0,50135000000.0,16.830528056543507,47.35336194563662,14.405106213224295
MOS,Common Stock,The Mosaic Company,"The Mosaic Company (MOS), based in Tampa, Florida, is a leading global producer of phosphate and potash fertilizers, essential for boosting agricultural productivity worldwide. As a Fortune 500 entity, Mosaic operates through its varied segments, including international distribution and Mosaic Fertilizantes, which prioritize advanced nutrient solutions that enhance crop yields while promoting sustainable farming practices. With a dedication to responsible mining and environmental stewardship, Mosaic is well-positioned to address the growing global demand for vital agricultural inputs, solidifying its integral role in the agricultural supply chain.",1285785,NYSE,USD,USA,BASIC MATERIALS,AGRICULTURAL INPUTS,"101 EAST KENNEDY BLVD, TAMPA, FL, UNITED STATES, 33602",https://mosaicco.com,2024-12-31,2023-12-31,11122800000.0,13696100000.0,174900000.0,1164900000.0,1511900000.0,2210600000.0,-18.788560247077633,-84.98583569405099,-31.60680358273772
MSI,Common Stock,Motorola Solutions Inc,"Motorola Solutions, Inc. is a premier American technology company headquartered in Chicago, Illinois, specializing in mission-critical communications and analytics for both public safety and commercial sectors. Since its separation from Motorola, Inc. in 2011, the company has established itself as a trusted partner for first responders, providing innovative solutions that enhance operational efficiency through advanced radio communications, software applications, and data analytics. With a steadfast commitment to safety, reliability, and performance, Motorola Solutions is well-positioned to meet the evolving needs of its global customer base, continually expanding its portfolio to drive innovation in secure communication systems.",68505,NYSE,USD,USA,TECHNOLOGY,COMMUNICATION EQUIPMENT,"500 WEST MONROE STREET, CHICAGO, IL, UNITED STATES, 60661",https://www.motorolasolutions.com,2024-12-31,2023-12-31,10817000000.0,9978000000.0,1577000000.0,1709000000.0,5512000000.0,4970000000.0,8.408498697133695,-7.723815096547688,10.90543259557344
MSCI,Common Stock,MSCI Inc,"MSCI Inc. is a prominent global provider of investment decision-support tools, headquartered in New York City. The company offers an extensive range of products, including equity, fixed income, hedge fund indexes, and ESG solutions, notably featuring its influential MSCI Indexes such as the MSCI World, MSCI BRIC, and MSCI EAFE. By delivering innovative portfolio analysis and risk management solutions, MSCI empowers institutional investors to make informed decisions and optimize investment strategies across diverse asset classes and geographies, thereby playing a critical role in the global investment landscape.",1408198,NYSE,USD,USA,FINANCIAL SERVICES,FINANCIAL DATA & STOCK EXCHANGES,"7 WORLD TRADE CENTER, NEW YORK, NY, UNITED STATES, 10007",https://www.msci.com,2024-12-31,2023-12-31,2856128000.0,2528920000.0,1109128000.0,1148592000.0,2341746000.0,2082339000.0,12.938645746010154,-3.4358588602393194,12.457481706869054
NDAQ,Common Stock,Nasdaq Inc,"Nasdaq, Inc. is a premier global financial services corporation headquartered in New York City, recognized for its significant role in facilitating capital markets through its operations of multiple stock exchanges in the U.S. and Europe. The company is renowned for its cutting-edge electronic trading platform and offers a diverse range of financial products, including equities, options, futures, and exchange-traded funds (ETFs). Nasdaq’s commitment to innovation and enhancing market efficiency and transparency positions it as a crucial player in the rapidly evolving landscape of global finance, attracting institutional investors and participants seeking reliable market solutions.",1120193,NASDAQ,USD,USA,FINANCIAL SERVICES,FINANCIAL DATA & STOCK EXCHANGES,"151 WEST 42ND STREET, NEW YORK, NY, UNITED STATES, 10036",https://www.nasdaq.com,2024-12-31,2023-12-31,7400000000.0,6064000000.0,1117000000.0,1059000000.0,2989000000.0,2546000000.0,22.03166226912929,5.476864966949953,17.39984289080911
NTAP,Common Stock,NetApp Inc,"NetApp, Inc. (NTAP) is a leading provider of hybrid cloud data services and data management solutions, headquartered in Sunnyvale, California. Founded in 1992 and publicly traded since 1995, the company empowers enterprises to optimize their data storage and management through seamless integration of on-premises and cloud environments. As organizations increasingly prioritize digital transformation and operational efficiency, NetApp's innovative portfolio positions it as a trusted partner, enabling businesses to navigate the complexities of a data-driven landscape. With a strong focus on advancements in cloud data solutions, NetApp is well-equipped for sustained growth in an evolving market.",1002047,NASDAQ,USD,USA,TECHNOLOGY,SOFTWARE - INFRASTRUCTURE,"3060 OLSEN DRIVE, SAN JOSE, CA, UNITED STATES, 95128",https://www.netapp.com,2025-04-30,2024-04-30,6572000000.0,6268000000.0,1186000000.0,986000000.0,4613000000.0,4433000000.0,4.850031908104659,20.28397565922921,4.0604556733588995
NFLX,Common Stock,Netflix Inc,"Netflix, Inc. is a premier American over-the-top content platform and production company, headquartered in Los Gatos, California. Since its inception in 1997, Netflix has transformed the entertainment landscape with its subscription-based streaming service, offering an expansive library of films and television series, including a diverse array of critically acclaimed original programming. As a trailblazer in the streaming industry, Netflix is strategically expanding its global footprint, employing innovative distribution methods and investing heavily in original content to enhance viewer engagement and drive subscriber growth. With a steadfast commitment to shaping the future of media consumption, Netflix continues to lead the way in the digital entertainment revolution.",1065280,NASDAQ,USD,USA,COMMUNICATION SERVICES,ENTERTAINMENT,"121 ALBRIGHT WAY, LOS GATOS, CA, UNITED STATES, 95032",https://www.netflix.com,2024-12-31,2023-12-31,39000966000.0,33723297000.0,8711631000.0,5407990000.0,17962502000.0,14007929000.0,15.649919994477408,61.088149201459316,28.23096119347835
NEM,Common Stock,Newmont Goldcorp Corp,"Newmont Corporation, headquartered in Greenwood Village, Colorado, is a leading gold mining company and one of the largest gold producers globally, boasting a diverse portfolio of high-quality assets across North America, South America, Australia, and Africa. With a steadfast commitment to sustainable mining practices, Newmont prioritizes operational excellence, safety, and environmental stewardship, ensuring consistent value creation for its stakeholders. The company's strategic adaptability to changing market conditions enhances its position for sustained long-term growth, while its innovative technologies and resource management practices underscore its leadership in the mining sector.",1164727,NYSE,USD,USA,BASIC MATERIALS,GOLD,"6900 E LAYTON AVENUE, DENVER, CO, UNITED STATES, 80237",https://www.newmont.com,2024-12-31,2023-12-31,18557000000.0,11775000000.0,3348000000.0,-2521000000.0,6424000000.0,1170000000.0,57.59660297239915,-232.80444268147562,449.05982905982904
NWSA,Common Stock,News Corp A,"News Corp (NWSA) is a prominent global media conglomerate renowned for its extensive portfolio that encompasses digital real estate information, news media, publishing, and cable television. The company features respected brands in journalism and publishing, effectively delivering quality content across traditional and digital platforms. By integrating innovative technology into its services, particularly in real estate information, News Corp demonstrates a commitment to enhancing audience engagement and is well-positioned to capitalize on the rapidly evolving media landscape.",1564708,NASDAQ,USD,USA,COMMUNICATION SERVICES,ENTERTAINMENT,"1211 AVENUE OF THE AMERICAS, NEW YORK, NY, UNITED STATES, 10036",https://newscorp.com,2025-06-30,2024-06-30,8452000000.0,8252000000.0,1180000000.0,266000000.0,8452000000.0,8252000000.0,2.423654871546292,343.609022556391,2.423654871546292
NWS,Common Stock,News Corp B,"News Corp B is a prominent American media and publishing conglomerate, distinguished by its diverse portfolio that includes digital real estate information, news media, book publishing, and cable television. The company is home to prestigious brands such as The Wall Street Journal and HarperCollins, which enable it to effectively engage a wide audience while delivering high-quality content and innovative digital solutions. As a significant influencer in the evolving media landscape, News Corp B is well-positioned to harness industry trends, driving expansion and enhancing shareholder value in a rapidly digitizing environment. With a steadfast commitment to journalistic integrity and creativity, the company strives to connect and inform consumers while strategically increasing its market presence.",1564708,NASDAQ,USD,USA,COMMUNICATION SERVICES,ENTERTAINMENT,"1211 AVENUE OF THE AMERICAS, NEW YORK, NY, UNITED STATES, 10036",https://newscorp.com,2025-06-30,2024-06-30,8452000000.0,8252000000.0,1180000000.0,266000000.0,8452000000.0,8252000000.0,2.423654871546292,343.609022556391,2.423654871546292
NEE,Common Stock,Nextera Energy Inc,"NextEra Energy, Inc. (NEE) is a premier American clean energy provider, recognized globally as one of the largest producers of renewable energy, with a generating capacity of approximately 46 gigawatts from wind and solar sources. Headquartered in Juno Beach, Florida, the company showcased robust revenues exceeding $19 billion in 2022 and employs around 14,000 professionals across North America. With key subsidiaries like Florida Power & Light and NextEra Energy Resources, NextEra Energy is dedicated to driving innovation and sustainability in the energy sector, positioning itself advantageously to meet the escalating demand for cleaner, renewable power solutions in the transition to a low-carbon economy.",753308,NYSE,USD,USA,UTILITIES,UTILITIES - REGULATED ELECTRIC,"700 UNIVERSE BOULEVARD, JUNO BEACH, FL, UNITED STATES, 33408",https://www.nexteraenergy.com,2024-12-31,2023-12-31,24753000000.0,28114000000.0,6946000000.0,7310000000.0,14867000000.0,17976000000.0,-11.954897915629225,-4.979480164158686,-17.29528259902092
NKE,Common Stock,Nike Inc,"Nike, Inc. is a leading global athletic brand headquartered in Beaverton, Oregon, recognized for its innovative footwear, apparel, and sports equipment. As the largest supplier of athletic shoes and apparel, Nike effectively leverages its strong brand portfolio and advanced marketing strategies to maintain its dominant market position. Committed to sustainability and technological advancement, the company continuously enhances its offerings while fostering brand loyalty across diverse consumer segments. With a robust global supply chain and a strategic emphasis on digital sales channels, Nike is well-positioned to capitalize on emerging trends in the athletic and lifestyle markets, ensuring sustained growth and market leadership.",320187,NYSE,USD,USA,CONSUMER CYCLICAL,FOOTWEAR & ACCESSORIES,"ONE BOWERMAN DRIVE, BEAVERTON, OR, UNITED STATES, 97005-6453",https://www.nike.com,2025-05-31,2024-05-31,46309000000.0,51362000000.0,3219000000.0,5700000000.0,19790000000.0,22887000000.0,-9.838012538452553,-43.526315789473685,-13.531699217896623
NI,Common Stock,NiSource Inc,"NiSource Inc. is a leading regulated utility company headquartered in Merrillville, Indiana, serving approximately 4 million customers across the Midwest and Northeast regions of the United States. The company, through its subsidiaries, delivers vital natural gas and electricity services while prioritizing sustainability and infrastructure modernization in its operations. Committed to transitioning towards cleaner energy solutions, NiSource is focused on enhancing service reliability and safety to meet the demands of evolving regulatory environments. With a strong emphasis on innovation and community engagement, NiSource is strategically positioned to navigate the dynamic energy landscape and generate long-term value for its stakeholders.",1111711,NYSE,USD,USA,UTILITIES,UTILITIES - REGULATED GAS,"801 EAST 86TH AVENUE, MERRILLVILLE, IN, UNITED STATES, 46410",https://www.nisource.com,2024-12-31,2023-12-31,5455100000.0,5505400000.0,760400000.0,714300000.0,2807700000.0,2477200000.0,-0.9136484179169543,6.453870922581547,13.341676085903439
NDSN,Common Stock,Nordson Corporation,"Nordson Corporation (NDSN) is a prominent player in precision technology, providing cutting-edge dispensing, application, and control solutions tailored for a wide array of materials such as adhesives, coatings, and polymers. Based in Westlake, Ohio, the company boasts a substantial international footprint and serves multiple industries, underscoring its commitment to innovation and excellence through ongoing research and development efforts. With a comprehensive product lineup and a strategic focus on enhancing manufacturing efficiencies, Nordson presents an attractive investment opportunity for institutional investors aiming to leverage growth within the industrial and manufacturing landscape.",72331,NASDAQ,USD,USA,INDUSTRIALS,SPECIALTY INDUSTRIAL MACHINERY,"28601 CLEMENS ROAD, WESTLAKE, OH, UNITED STATES, 44145-4551",https://www.nordson.com,2024-10-31,2023-10-31,2689921000.0,2628632000.0,467284000.0,487493000.0,1486129000.0,1425405000.0,2.33159301111757,-4.145495422498374,4.260122561657915
NSC,Common Stock,Norfolk Southern Corporation,"Norfolk Southern Corporation (NSC) is a premier Class I freight railroad that operates an extensive network of approximately 19,420 route miles primarily across the eastern United States, headquartered in Atlanta, Georgia. The company serves 22 states and the District of Columbia, establishing essential transportation links to international markets through strategic connections in Canada. Norfolk Southern is integral to the U.S. economy, efficiently transporting a diverse range of goods, including coal, automotive products, and intermodal containers. With a strong commitment to operational excellence, innovation, and sustainability, NSC continually seeks to enhance its services and reduce its environmental footprint, positioning itself as a leader in the rail transportation sector.",702165,NYSE,USD,USA,INDUSTRIALS,RAILROADS,"650 WEST PEACHTREE STREET NW, ATLANTA, GA, UNITED STATES, 30308-1925",https://www.norfolksouthern.com,2024-12-31,2023-12-31,12123000000.0,12156000000.0,2622000000.0,1827000000.0,3764000000.0,6097000000.0,-0.27147087857847974,43.51395730706076,-38.26472035427259
NTRS,Common Stock,Northern Trust Corporation,"Northern Trust Corporation, headquartered in Chicago, Illinois, is a distinguished financial services firm specializing in asset servicing, fund administration, and wealth management. With a focus on serving corporations, institutional investors, and ultra high net worth individuals, the company harnesses its extensive industry knowledge and cutting-edge technology to enhance client financial strategies. Renowned for its unwavering commitment to integrity and exceptional client service, Northern Trust has established itself as a trusted leader in the financial sector, consistently delivering innovative and reliable solutions tailored to meet diverse client needs.",73124,NASDAQ,USD,USA,FINANCIAL SERVICES,ASSET MANAGEMENT,"50 SOUTH LA SALLE STREET, CHICAGO, IL, UNITED STATES, 60603",https://www.northerntrust.com/asia-pac/home,2024-12-31,2023-12-31,15875600000.0,12116500000.0,2031100000.0,1107300000.0,8293400000.0,6749000000.0,31.024635827177814,83.42815858394292,22.88339013187139
NOC,Common Stock,Northrop Grumman Corporation,"Northrop Grumman Corporation (NYSE: NOC) is a premier aerospace and defense technology firm, delivering innovative systems and solutions that support the U.S. government and allied nations. The company's diverse capabilities include autonomous systems, cybersecurity, C4ISR, and space solutions, positioning it as a pivotal player in enhancing national security and driving technological advancement. With a strong emphasis on engineering excellence and sustainability, Northrop Grumman continues to provide mission-critical capabilities that meet the evolving challenges of a dynamic global landscape.",1133421,NYSE,USD,USA,INDUSTRIALS,AEROSPACE & DEFENSE,"2980 FAIRVIEW PARK DRIVE, FALLS CHURCH, VA, UNITED STATES, 22042",https://www.northropgrumman.com,2024-12-31,2023-12-31,41033000000.0,39290000000.0,4174000000.0,2056000000.0,8362000000.0,39290000000.0,4.436243318910664,103.01556420233462,-78.7172308475439
NCLH,Common Stock,Norwegian Cruise Line Holdings Ltd,"Norwegian Cruise Line Holdings Ltd. (NCLH) is a leading global cruise operator headquartered in Miami, Florida, offering a diverse fleet that caters to a wide range of customer preferences across North America, Europe, and the Asia-Pacific region. With its three distinct brands—Norwegian Cruise Line, Oceania Cruises, and Regent Seven Seas Cruises—NCLH serves various market segments while delivering exceptional service and innovative experiences. The company is focused on enhancing guest satisfaction and prioritizing sustainability, positioning itself strategically for significant growth as the cruise industry rebounds.",1513761,NYSE,USD,USA,CONSUMER CYCLICAL,TRAVEL SERVICES,"7665 CORPORATE CENTER DRIVE, MIAMI, FL, UNITED STATES, 33126",https://www.nclhltd.com,2024-12-31,2023-12-31,9479651000.0,8549924000.0,910257000.0,166178000.0,3790955000.0,3081337000.0,10.874096658636965,447.7602330031653,23.029548536885123
NRG,Common Stock,NRG Energy Inc.,"NRG Energy, Inc. is a leading integrated energy company headquartered in Houston, Texas, committed to delivering innovative and sustainable energy solutions. Since its independence in 2000, NRG has built a diverse portfolio of power generation assets that encompass traditional fossil fuels as well as renewable energy sources, reflecting its dedication to the energy transition. The company is focused on enhancing the customer experience and driving operational efficiency while playing a pivotal role in the evolution of the energy market towards cleaner, more reliable energy options. With strategic investments in technology and infrastructure, NRG Energy positions itself as a key player in shaping the future of energy for consumers and communities alike.",1013871,NYSE,USD,USA,UTILITIES,UTILITIES - INDEPENDENT POWER PRODUCERS,"910 LOUISIANA STREET, HOUSTON, TX, UNITED STATES, 77002",https://www.nrg.com,2024-12-31,2023-12-31,28130000000.0,28823000000.0,1125000000.0,-202000000.0,6030000000.0,2297000000.0,-2.4043298754466917,-656.9306930693069,162.51632564214194
NUE,Common Stock,Nucor Corp,"Nucor Corporation (NUE), based in Charlotte, North Carolina, is the leading steel producer in the United States and a pioneer in sustainable steelmaking practices. As the largest recycler of steel in North America, the company leverages advanced electric arc furnace technology across its extensive network of mini-mills, substantially lowering its carbon footprint. With a diverse range of products, including rebar, beams, and sheet steel, Nucor serves various industries, underscoring its significant role in the global steel sector. Nucor's impressive financial metrics and strategic growth investments demonstrate its commitment to delivering robust returns to shareholders while prioritizing environmental responsibility.",73309,NYSE,USD,USA,BASIC MATERIALS,STEEL,"1915 REXFORD ROAD, CHARLOTTE, NC, UNITED STATES, 28211",https://www.nucor.com,2024-12-31,2023-12-31,30734000000.0,34714000000.0,2027000000.0,4524801000.0,4102000000.0,7815000000.0,-11.465114939217607,-55.20244978729452,-47.511196417146515
NVDA,Common Stock,NVIDIA Corporation,"NVIDIA Corporation is a prominent American multinational technology firm based in Santa Clara, California, recognized for its leadership in the design and manufacturing of advanced graphics processing units (GPUs) for gaming and professional markets. The company is at the cutting edge of AI and visual computing technologies, developing critical solutions such as System on a Chip (SoC) products that enhance mobile computing and automotive applications, particularly in the expanding field of autonomous driving. With a diverse portfolio that encompasses gaming, data centers, and AI infrastructure, NVIDIA is committed to delivering innovative products and services that meet the demands of a dynamic technology landscape.",1045810,NASDAQ,USD,USA,TECHNOLOGY,SEMICONDUCTORS,"2788 SAN TOMAS EXPRESSWAY, SANTA CLARA, CA, UNITED STATES, 95051",https://www.nvidia.com,2025-01-31,2024-01-31,130497000000.0,60922000000.0,72880000000.0,29760000000.0,97858000000.0,44301000000.0,114.20340763599357,144.89247311827958,120.8934335568046
NVR,Common Stock,NVR Inc,"NVR, Inc. is a prominent residential construction firm focused on the development and sale of single-family homes, townhomes, and condominiums, primarily along the East Coast of the U.S. Beyond its homebuilding operations, the company also offers mortgage banking and title services, creating a seamless home-buying experience for its customers. With a steadfast commitment to quality and customer satisfaction, NVR has positioned itself as a key player in the housing market, consistently navigating economic fluctuations and evolving consumer demands. The company's strategic adaptability and comprehensive service offerings underscore its robust market presence and long-term growth potential.",906163,NYSE,USD,USA,CONSUMER CYCLICAL,RESIDENTIAL CONSTRUCTION,"PLAZA AMERICA TOWER I, RESTON, VA, UNITED STATES, 20190",https://www.nvrinc.com,2024-12-31,2023-12-31,10543571000.0,9534889000.0,1681928000.0,1591611000.0,2693022000.0,2483691000.0,10.578854142927096,5.674564953371144,8.428222351331144
NXPI,Common Stock,NXP Semiconductors NV,"NXP Semiconductors N.V., headquartered in Eindhoven, Netherlands, is a premier global semiconductor manufacturer specializing in secure connectivity solutions across automotive, industrial, and consumer markets. As a leader in innovation for the Internet of Things (IoT) and automotive safety, NXP is well-positioned to capitalize on the surging demand for connected devices. Its extensive product portfolio, which includes embedded processors, microcontrollers, and RF amplifiers, underpins its ability to drive advancements in next-generation technologies. The company's strong commitment to sustainability and operational excellence further solidifies its competitive advantage in the fast-paced semiconductor industry.",1413447,NASDAQ,USD,USA,TECHNOLOGY,SEMICONDUCTORS,"60 HIGH TECH CAMPUS, EINDHOVEN, NETHERLANDS, 5656 AG",https://www.nxp.com,2024-12-31,2023-12-31,12614000000.0,13276000000.0,2510000000.0,2797000000.0,7119000000.0,7553000000.0,-4.98644169930702,-10.26099392205935,-5.746061167747914
ORLY,Common Stock,O’Reilly Automotive Inc,"O'Reilly Automotive Inc. is a premier retailer in the American automotive aftermarket, providing an extensive array of auto parts, tools, and accessories tailored to both professional mechanics and do-it-yourself consumers. The company boasts a strong national footprint supported by a sophisticated distribution network, allowing it to efficiently meet the diverse needs of its customer base. O'Reilly's dedication to innovative solutions and exceptional customer service enables it to maintain a competitive edge in the automotive retail landscape, positioning the firm for sustained growth amid ongoing trends in vehicle maintenance and repair. This strategic focus not only enhances operational efficiency but also drives profitability, making O'Reilly Automotive a compelling investment opportunity in the retail sector.",898173,NASDAQ,USD,USA,CONSUMER CYCLICAL,AUTO PARTS,"233 SOUTH PATTERSON AVENUE, SPRINGFIELD, MO, UNITED STATES, 65802-2298",https://www.oreillyauto.com,2024-12-31,2023-12-31,16708479000.0,15812250000.0,2386680000.0,2346581000.0,8554489000.0,8104803000.0,5.667940995114548,1.7088265864251009,5.548389023150841
OXY,Common Stock,Occidental Petroleum Corporation,"Occidental Petroleum Corporation (OXY) is a leading global oil and gas exploration and production company, characterized by its diverse portfolio of hydrocarbon resources primarily located in the United States, the Middle East, and Colombia. In addition to its upstream operations, Occidental is actively involved in petrochemical manufacturing across North and South America, leveraging its technological expertise to enhance operational efficiency. The company is deeply committed to sustainability and is strategically advancing low-carbon initiatives, positioning itself effectively in the dynamic energy landscape while addressing emerging environmental challenges. With a forward-looking approach to energy transition, Occidental is well-equipped to meet the demands of a changing global economy.",797468,NYSE,USD,USA,ENERGY,OIL & GAS E&P,"5 GREENWAY PLAZA, HOUSTON, TX, UNITED STATES, 77046-0521",https://www.oxy.com,2024-12-31,2023-12-31,27099000000.0,28331000000.0,3043000000.0,4673000000.0,9649000000.0,9742000000.0,-4.3485934135752355,-34.88123261288252,-0.9546294395401355
ODFL,Common Stock,Old Dominion Freight Line Inc,"Old Dominion Freight Line, Inc. (ODFL) is a leading American less-than-truckload (LTL) carrier renowned for its operational excellence and comprehensive freight services spanning regional, inter-regional, and national markets. The company delivers a diverse array of logistics solutions, including expedited transportation, supply chain consulting, and transportation management, demonstrating a strong commitment to customer satisfaction. With a focus on innovative, technology-driven strategies and an expanding network, Old Dominion is strategically positioned for continued growth in the highly competitive transportation sector, making it an attractive prospect for institutional investors.",878927,NASDAQ,USD,USA,INDUSTRIALS,TRUCKING,"500 OLD DOMINION WAY, THOMASVILLE, NC, UNITED STATES, 27360",https://www.odfl.com,2024-12-31,2023-12-31,5814810000.0,5866152000.0,1186073000.0,1239502000.0,2022793000.0,2072199000.0,-0.8752245083318674,-4.310521483628102,-2.3842304720733867
OMC,Common Stock,Omnicom Group Inc,"Omnicom Group Inc. (OMC) is a leading global provider of advertising, marketing, and corporate communications services, headquartered in New York City. The company operates a diverse portfolio of agency networks and specialty firms, utilizing innovative strategies and data-driven insights to help clients engage effectively with their target audiences across multiple channels. With a presence in over 100 countries, Omnicom serves a wide range of clients, from multinational corporations to local enterprises, emphasizing creativity and strategic planning to deliver measurable results. In an ever-evolving marketing landscape, Omnicom is strategically positioned for continued growth and success.",29989,NYSE,USD,USA,COMMUNICATION SERVICES,ADVERTISING AGENCIES,"280 PARK AVENUE, NEW YORK, NY, UNITED STATES, 10017",https://www.omnicomgroup.com,2024-12-31,2023-12-31,15689100000.0,14692200000.0,1480600000.0,1391400000.0,2740500000.0,2498400000.0,6.785232980765304,6.41080925686359,9.69020172910663
ON,Common Stock,ON Semiconductor Corporation,"ON Semiconductor Corporation is a prominent global supplier of semiconductor solutions, focusing on power management, analog, and imaging technologies that address a wide spectrum of applications in automotive, industrial, and consumer electronics sectors. Based in Phoenix, Arizona, the company is well-positioned to leverage the increasing demand for energy-efficient and smart technologies. ON Semiconductor's dedication to innovation and its comprehensive range of high-performance products not only enhance its market presence but also support sustainable growth in the dynamic semiconductor industry. As a key player in the market, ON Semiconductor is committed to delivering cutting-edge solutions that meet the evolving needs of its diverse customer base.",1097864,NASDAQ,USD,USA,TECHNOLOGY,SEMICONDUCTORS,"5701 NORTH PIMA ROAD, SCOTTSDALE, AZ, UNITED STATES, 85250",https://www.onsemi.com,2024-12-31,2023-12-31,7082300000.0,8253000000.0,1572800000.0,2183700000.0,3216100000.0,3883500000.0,-14.18514479583182,-27.975454503823787,-17.185528518089352
OKE,Common Stock,ONEOK Inc,"ONEOK Inc. is a premier diversified energy firm based in Tulsa, Oklahoma, recognized for its pivotal role in the transportation and storage of natural gas and natural gas liquids across North America. As a prominent Fortune 500 company, it boasts a vast network of pipelines and processing facilities that strategically position it to capitalize on the surging demand for cleaner energy sources. Committed to sustainability and operational excellence, ONEOK is focused on growth initiatives that aim to enhance shareholder value while effectively addressing the energy requirements of various markets. Its robust financial foundation further underscores its capacity to navigate the evolving energy landscape and seize emerging opportunities.",1039684,NYSE,USD,USA,ENERGY,OIL & GAS MIDSTREAM,"100 WEST FIFTH STREET, TULSA, OK, UNITED STATES, 74103",https://www.oneok.com/,2024-12-31,2023-12-31,21638000000.0,17677000000.0,3035000000.0,2659000000.0,5050000000.0,5748000000.0,22.4076483566216,14.140654381346371,-12.143354210160055
ORCL,Common Stock,Oracle Corporation,"Oracle Corporation is a leading multinational technology company based in Austin, Texas, specializing in a broad range of software products and cloud computing solutions. As a dominant force in the cloud infrastructure sector, Oracle is committed to driving digital transformation for enterprises by leveraging cutting-edge technologies, including artificial intelligence and machine learning. The company maintains a robust focus on research and development, consistently updating its portfolio to meet the evolving needs of global businesses, thereby solidifying its reputation for innovation and excellence in the technology space.",1341439,NYSE,USD,USA,TECHNOLOGY,SOFTWARE - INFRASTRUCTURE,"2300 ORACLE WAY, AUSTIN, TX, UNITED STATES, 78741",https://www.oracle.com,2025-05-31,2024-05-31,57399000000.0,52961000000.0,12443000000.0,10467000000.0,40472000000.0,37818000000.0,8.379751137629576,18.87837966943728,7.017822201068275
OTIS,Common Stock,Otis Worldwide Corp,"Otis Worldwide Corporation is a premier global provider of vertical transportation solutions, focusing on the design, manufacture, installation, and maintenance of elevators, escalators, and moving walkways. Headquartered in Farmington, Connecticut, Otis boasts a rich legacy of innovation and engineering excellence, emphasizing improved efficiency, safety, and urban mobility accessibility. With a strong international footprint, the company harnesses advanced technologies and data-driven solutions to adapt to the dynamically changing needs of its clientele, establishing itself as a significant contributor to the burgeoning smart building and infrastructure markets.",1781335,NYSE,USD,USA,INDUSTRIALS,SPECIALTY INDUSTRIAL MACHINERY,"ONE CARRIER PLACE, FARMINGTON, CT, UNITED STATES, 06032",https://www.otis.com,2024-12-31,2023-12-31,14261000000.0,14209000000.0,1645000000.0,1406000000.0,4257000000.0,4193000000.0,0.36596523330283626,16.998577524893317,1.5263534462198902
PCAR,Common Stock,PACCAR Inc,"PACCAR Inc is a leading American manufacturer specializing in medium- and heavy-duty trucks, and is recognized as a major player in the global commercial vehicle market. The company’s diverse portfolio features iconic brands such as Kenworth, Peterbilt, Leyland Trucks, and DAF, and it excels in vehicle design, manufacturing, and advanced information technology solutions. In addition to its commitment to producing high-quality trucks, PACCAR offers extensive customer support, powertrain solutions, and comprehensive financial services. With its focus on sustainability and innovation, PACCAR is well-positioned for long-term growth, making it an attractive option for institutional investors seeking reliable opportunities in the transportation sector.",75362,NASDAQ,USD,USA,INDUSTRIALS,FARM & HEAVY CONSTRUCTION MACHINERY,"777 - 106TH AVENUE N.E., BELLEVUE, WA, UNITED STATES, 98004",https://www.paccar.com,2024-12-31,2023-12-31,33651699999.0,35127400000.0,4162000000.0,4600800000.0,6374300000.0,6421300000.0,-4.200994098623866,-9.537471744044513,-0.7319390154641584
PKG,Common Stock,Packaging Corp of America,"Packaging Corporation of America (PKG) is a premier manufacturer of containerboard and corrugated packaging solutions, based in Lake Forest, Illinois. The company is distinguished by its strong commitment to sustainability and innovation, which positions it favorably to meet the increasing demand for eco-friendly packaging across diverse industries. Operating state-of-the-art manufacturing facilities and utilizing advanced technologies, PKG consistently delivers high-quality products while enhancing production efficiency. With a reputation for operational excellence and robust financial performance, Packaging Corporation of America presents a compelling investment opportunity for institutional investors looking to gain exposure to the dynamic and evolving packaging sector.",75677,NYSE,USD,USA,CONSUMER CYCLICAL,PACKAGING & CONTAINERS,"1 NORTH FIELD COURT, LAKE FOREST, IL, UNITED STATES, 60045",https://www.packagingcorp.com,2024-12-31,2023-12-31,8383300000.0,7802400000.0,805100000.0,765200000.0,1783100000.0,1698900000.0,7.4451450835640305,5.214323052796654,4.956148095826712
PLTR,Common Stock,Palantir Technologies Inc. Class A Common Stock,"Palantir Technologies Inc. (PLTR) is a premier software provider specializing in data integration and analytics, serving a diverse range of clients across government and commercial sectors. Renowned for its platforms, Palantir Gotham and Palantir Foundry, the company enables organizations to efficiently aggregate, analyze, and visualize extensive datasets, driving critical decision-making and operational efficiency. Headquartered in Denver, Colorado, Palantir is recognized for its innovative use of advanced artificial intelligence and machine learning technologies, positioning itself as a key player in addressing complex challenges across global industries and presenting appealing investment opportunities for institutional investors.",1321655,NASDAQ,USD,USA,TECHNOLOGY,SOFTWARE - INFRASTRUCTURE,"1200 17TH STREET, DENVER, CO, UNITED STATES, 80202",https://www.palantir.com,2024-12-31,2023-12-31,2865507000.0,2225012000.0,462190000.0,209825000.0,2299517000.0,1793907000.0,28.78613688375613,120.27403788871678,28.18485016224364
PANW,Common Stock,Palo Alto Networks Inc,"Palo Alto Networks, Inc. (PANW) is a premier cybersecurity provider, recognized for its innovative platform that safeguards organizations against a spectrum of cyber threats through advanced firewall systems, cloud security, and AI-driven threat intelligence. Based in Santa Clara, California, the company caters to a diverse global clientele, establishing itself as a pivotal ally in the increasingly complex cybersecurity arena. With a strategic emphasis on enhancing enterprise security and mitigating risk, Palo Alto Networks is committed to expanding its suite of offerings and market presence to meet the surging demand for comprehensive cybersecurity solutions.",1327567,NASDAQ,USD,USA,TECHNOLOGY,SOFTWARE - INFRASTRUCTURE,"3000 TANNERY WAY, SANTA CLARA, CA, UNITED STATES, 95054",https://www.paloaltonetworks.com,2025-07-31,2024-07-31,9221500000.0,8027500000.0,1133900000.0,2577600000.0,6769900000.0,5968300000.0,14.873871068203051,-56.00946617008069,13.43096023993432
PSKY,Common Stock,Paramount Skydance Corporation Class B Common Stock,"Paramount Skydance Corporation (PSKY) is a leading force in the global media and entertainment industry, based in New York, New York. With expertise in film, television, and digital media, the company is dedicated to creating and distributing high-quality content that engages and captivates audiences around the world. Through its innovative storytelling and robust production capabilities, Paramount Skydance is well-positioned to leverage growth opportunities in a dynamic market. Its strong brand recognition and diverse content portfolio enhance its appeal, making it a compelling investment for institutional investors seeking exposure in the entertainment sector.",2041610,NASDAQ,USD,USA,COMMUNICATION SERVICES,ENTERTAINMENT,"1515 BROADWAY, NEW YORK, NY, UNITED STATES, 10036",https://www.paramount.com,2024-12-31,2023-12-31,29213000000.0,29652000000.0,-6190000000.0,-608000000.0,8658000000.0,7264000000.0,-1.4805072170511264,918.0921052631579,19.190528634361232
PH,Common Stock,Parker-Hannifin Corporation,"Parker-Hannifin Corporation is a premier global leader in motion and control technologies, headquartered in Mayfield Heights, Ohio. Utilizing its vast engineering capabilities, the company creates innovative solutions for a wide range of industries, such as aerospace, industrial automation, and automotive sectors. Committed to sustainability, Parker-Hannifin enhances customer productivity while fostering technological advancements and operational excellence. With its strategic positioning to leverage trends in automation and industrial expansion, the company presents a compelling investment opportunity for institutional investors seeking growth in industrial sectors.",76334,NYSE,USD,USA,INDUSTRIALS,SPECIALTY INDUSTRIAL MACHINERY,"6035 PARKLAND BOULEVARD, CLEVELAND, OH, UNITED STATES, 44124-4141",https://investors.parker.com,2025-06-30,2024-06-30,19850000000.0,19929606000.0,3531000000.0,2844215000.0,7315000000.0,7157375000.0,-0.3994358945179348,24.14673292982422,2.2022738783422695
PAYX,Common Stock,Paychex Inc,"Paychex, Inc. is a leading provider of integrated human resource, payroll, and benefits outsourcing solutions, primarily catering to small- and medium-sized enterprises. Headquartered in Rochester, New York, the company leverages cutting-edge technology and a client-centric approach to enhance workforce management efficiency. Offering a wide array of services including payroll processing, tax compliance, and employee benefits administration, Paychex is recognized for its unwavering commitment to reliability and superior customer support. As a reputable player in the HR services sector, Paychex not only helps businesses optimize their human capital but also drives sustainable growth, making it an invaluable partner for organizations seeking operational excellence.",723531,NASDAQ,USD,USA,TECHNOLOGY,SOFTWARE - APPLICATION,"911 PANORAMA TRAIL SOUTH, ROCHESTER, NY, UNITED STATES, 14625-2396",https://www.paychex.com,2025-05-31,2024-05-31,5571700000.0,5278300000.0,1657300000.0,1690400000.0,4031300000.0,3799000000.0,5.558607885114526,-1.958116422148604,6.1147670439589366
PAYC,Common Stock,Paycom Soft,"Paycom Software, Inc. (PAYC) is a premier provider of cloud-based payroll and human capital management solutions, headquartered in Oklahoma City, Oklahoma. Founded to optimize payroll processes and enhance HR efficiency, Paycom offers an integrated suite of services, including payroll processing, talent acquisition, and workforce management. The company's commitment to innovation and superior user experience enables businesses of all sizes to manage their workforce effectively, establishing Paycom as a crucial ally in the dynamic human resource technology sector. With a robust platform and a dedication to exceptional customer service, Paycom has demonstrated consistent growth and earned a strong reputation in the industry.",1590955,NYSE,USD,USA,TECHNOLOGY,SOFTWARE - APPLICATION,"7501 WEST MEMORIAL ROAD, OKLAHOMA CITY, OK, UNITED STATES, 73142",https://www.paycom.com,2024-12-31,2023-12-31,1883200000.0,1693700000.0,502000000.0,340788000.0,1548600000.0,1417400000.0,11.188522170396174,47.305656302451965,9.256384930153803
PYPL,Common Stock,PayPal Holdings Inc,"PayPal Holdings, Inc. is a prominent global technology platform that revolutionizes digital and mobile payments for consumers and merchants worldwide. Renowned for its innovative online payment systems, the company delivers a secure and seamless transaction experience, catering to millions and providing services from peer-to-peer transfers to sophisticated e-commerce payment processing solutions. Leveraging its extensive network, PayPal is well-positioned to capitalize on the growing demand for fintech solutions, continually enhancing its offerings with a strong emphasis on security and innovation, thereby reinforcing its status as a key player in the financial technology sector.",1633917,NASDAQ,USD,USA,FINANCIAL SERVICES,CREDIT SERVICES,"2211 NORTH FIRST STREET, SAN JOSE, CA, UNITED STATES, 95131",https://www.paypal.com,2024-12-31,2023-12-31,31797000000.0,29771000000.0,4147000000.0,4246000000.0,14658000000.0,13704000000.0,6.805280306338384,-2.33160621761658,6.961471103327496
PNR,Common Stock,Pentair PLC,"Pentair PLC (PNR) is a prominent American water treatment company based in Minneapolis, Minnesota, recognized for its innovative solutions that enhance water management and sustainability. With a comprehensive portfolio that encompasses advanced water filtration, treatment systems, and pool and spa products, Pentair serves a wide array of sectors, including residential, commercial, and industrial markets. The company is dedicated to improving water quality and conservation by leveraging state-of-the-art technology to tackle global water challenges, thereby delivering significant value to its stakeholders. As a publicly traded company, Pentair is actively expanding its market footprint through strategic acquisitions and a steadfast commitment to environmental stewardship.",77360,NYSE,USD,USA,INDUSTRIALS,SPECIALTY INDUSTRIAL MACHINERY,"REGAL HOUSE, LONDON, UNITED KINGDOM, TW13 QS",https://www.pentair.com,2024-12-31,2023-12-31,4082800000.0,4104500000.0,625400000.0,622900000.0,1598800000.0,1519200000.0,-0.5286880253380436,0.4013485310643763,5.239599789362822
PEP,Common Stock,PepsiCo Inc,"PepsiCo, Inc. is a preeminent global food and beverage leader, based in Purchase, New York, with operations extending to over 200 countries. The company boasts a diverse portfolio of well-established brands, including Pepsi, Mountain Dew, Gatorade, and Frito-Lay, strategically positioning itself within the rapidly evolving consumer landscape. With a strong commitment to sustainability and innovation, PepsiCo prioritizes environmental stewardship and social responsibility while actively responding to shifting consumer preferences. Through ongoing strategic acquisitions and robust marketing initiatives, PepsiCo not only reinforces its market dominance but also aims to enhance shareholder value amidst increasing competition.",77476,NASDAQ,USD,USA,CONSUMER DEFENSIVE,BEVERAGES - NON-ALCOHOLIC,"700 ANDERSON HILL ROAD, PURCHASE, NY, UNITED STATES, 10577",https://www.pepsico.com,2024-12-31,2023-12-31,91854000000.0,91471000000.0,9578000000.0,9074000000.0,50110000000.0,49590000000.0,0.41871194148965246,5.55433105576372,1.0485985077636621
PFE,Common Stock,Pfizer Inc,"Pfizer Inc. is a prominent global pharmaceutical and biotechnology company, based in New York City, with a rich history dating back to 1849. It excels in various therapeutic areas, including immunology, oncology, and cardiology, and is celebrated for its innovative approaches and robust pipeline of medications. Notably, Pfizer gained global recognition for its rapid development of the COVID-19 vaccine, playing a critical role in combating the pandemic and underscoring its commitment to addressing pressing health challenges. With a focus on strategic partnerships and pioneering research, Pfizer is poised to continue as a leader in enhancing healthcare outcomes worldwide.",78003,NYSE,USD,USA,HEALTHCARE,DRUG MANUFACTURERS - GENERAL,"66 HUDSON BOULEVARD EAST, NEW YORK, NY, UNITED STATES, 10001-2192",https://www.pfizer.com,2024-12-31,2023-12-31,63627000000.0,59553000000.0,8020000000.0,2133000000.0,41846000000.0,30340000000.0,6.840965190670495,275.99624941397093,37.923533289386945
PCG,Common Stock,PG&E Corp,"PG&E Corporation (PCG) is a premier energy provider in the United States, primarily operating through its subsidiary, Pacific Gas and Electric Company, to deliver electricity and natural gas to millions of customers across Northern and Central California. Based in San Francisco, PG&E is focused on ensuring reliable energy services while tackling pressing challenges such as climate change and infrastructure modernization. The company is committed to sustainability, actively investing in renewable energy sources and advanced technologies to bolster grid resilience and minimize carbon emissions, thereby positioning itself as a crucial participant in the shift towards a clean energy future.",1004980,NYSE,USD,USA,UTILITIES,UTILITIES - REGULATED ELECTRIC,"300 LAKESIDE DRIVE, OAKLAND, CA, UNITED STATES, 94612",https://www.pgecorp.com,2024-12-31,2023-12-31,24419000000.0,24428000000.0,2512000000.0,2256000000.0,9158000000.0,4002000000.0,-0.036842967086949396,11.347517730496454,128.83558220889554
PM,Common Stock,Philip Morris International Inc,"Philip Morris International Inc. (PM) is a premier global tobacco company headquartered in Switzerland, recognized for its dominant portfolio of brands, including the iconic Marlboro. As a leader in the industry, PMI is strategically pivoting towards smoke-free alternatives, evidenced by its substantial investments in research and development to innovate products like IQOS, which employs heated tobacco technology. With operations in over 180 markets, the company is dedicated to redefining its business model for a sustainable future while consistently delivering strong financial results.",1413329,NYSE,USD,USA,CONSUMER DEFENSIVE,TOBACCO,"677 WASHINGTON BOULEVARD, STAMFORD, CT, UNITED STATES, 06901",https://www.pmi.com,2024-12-31,2023-12-31,37878000000.0,35174000000.0,7034000000.0,7791000000.0,24549000000.0,22281000000.0,7.6874964462387,-9.716339365935053,10.179076343072573
PSX,Common Stock,Phillips 66,"Phillips 66 (PSX) is a prominent American multinational energy company based in Houston, Texas, focusing on refining, transportation, and marketing of petroleum products, alongside offering midstream logistics and chemicals solutions. With a strong commitment to sustainability and innovation, the company leverages its extensive infrastructure and strategic partnerships to meet growing global energy demands effectively. Phillips 66's diversified operations and forward-looking approach position it as a significant player in the evolving energy landscape, dedicated to generating long-term value for its shareholders.",1534701,NYSE,USD,USA,ENERGY,OIL & GAS REFINING & MARKETING,"2331 CITYWEST BOULEVARD, HOUSTON, TX, UNITED STATES, 77042",https://www.phillips66.com,2024-12-31,2023-12-31,143118000000.0,147262000000.0,2117000000.0,7004000000.0,4863000000.0,11285000000.0,-2.814032133204764,-69.77441462021702,-56.907399202481166
PNW,Common Stock,Pinnacle West Capital Corp,"Pinnacle West Capital Corporation (PNW) is a prominent utility holding company based in Phoenix, Arizona, primarily known for its subsidiary, Arizona Public Service Company (APS), which serves over 1.3 million customers statewide. Committed to reliable and affordable energy, Pinnacle West focuses on sustainable practices and the integration of renewable resources, positioning itself at the forefront of the clean energy transition. In addition to its core utility operations, the company owns Bright Canyon Energy, which enhances its portfolio by developing innovative energy solutions. With a strong commitment to operational efficiency and regulatory compliance, Pinnacle West is strategically positioned to adapt to the dynamic energy landscape while delivering consistent shareholder value and fostering community development.",764622,NYSE,USD,USA,UTILITIES,UTILITIES - REGULATED ELECTRIC,"400 NORTH FIFTH STREET, PHOENIX, AZ, UNITED STATES, 85072-3999",https://www.pinnaclewest.com,2024-12-31,2023-12-31,5124915000.0,4695991000.0,608806000.0,501557000.0,2137193000.0,1844609000.0,9.133833518846183,21.383212675727783,15.861572831966015
PNC,Common Stock,PNC Financial Services Group Inc,"PNC Financial Services Group, Inc., headquartered in Pittsburgh, Pennsylvania, is a leading bank holding company offering a wide array of financial services through its primary subsidiary, PNC Bank. With a presence in 21 states and the District of Columbia, PNC operates a network of 2,296 branches and over 9,000 ATMs, catering to the diverse needs of individual and institutional clients. The company excels in areas such as asset management, wealth and estate planning, and loan servicing, bolstered by a strong commitment to innovation and customer service. This strategic focus positions PNC as a formidable competitor in the dynamic financial services landscape.",713676,NYSE,USD,USA,FINANCIAL SERVICES,BANKS - REGIONAL,"THE TOWER AT PNC PLAZA, PITTSBURGH, PA, UNITED STATES, 15222-2401",https://www.pnc.com,2024-12-31,2023-12-31,33694000000.0,31901000000.0,5889000000.0,5578000000.0,20012000000.0,20748000000.0,5.620513463527789,5.575475080674077,-3.547329863119337
POOL,Common Stock,Pool Corporation,"Pool Corporation is the leading wholesale distributor of swimming pool supplies and related outdoor products globally, catering to both residential and commercial sectors. With a comprehensive range of offerings and an expansive distribution network, PoolCorp effectively capitalizes on the increasing consumer interest in outdoor living and leisure. The company’s focus on quality, combined with strategic acquisitions, bolsters its competitive position and supports sustainable growth in the dynamic pool and spa industry. As a key player in this market, Pool Corporation is well-positioned to benefit from ongoing trends in recreational investments.",945841,NASDAQ,USD,USA,INDUSTRIALS,INDUSTRIAL DISTRIBUTION,"109 NORTHPARK BOULEVARD, COVINGTON, LA, UNITED STATES, 70433-5001",https://www.poolcorp.com,2024-12-31,2023-12-31,5310953000.0,5541595000.0,434325000.0,523229000.0,1575347000.0,1660044000.0,-4.162014726806993,-16.99141293773854,-5.102093679444641
PPG,Common Stock,PPG Industries Inc,"PPG Industries, Inc. is a prominent American multinational specializing in paints, coatings, and specialty materials, recognized for its strong commitment to innovation and sustainability. Based in Pittsburgh, Pennsylvania, PPG operates in over 70 countries, catering to diverse markets such as automotive, aerospace, and industrial sectors. As a Fortune 500 company, PPG strategically invests in research and development to enhance its product portfolio and sustain its competitive advantage globally. The company's extensive international presence, coupled with a customer-focused approach, underpins its potential for continued growth and adaptability in a dynamic market landscape.",79879,NYSE,USD,USA,BASIC MATERIALS,SPECIALTY CHEMICALS,"ONE PPG PLACE, PITTSBURGH, PA, UNITED STATES, 15272",https://www.ppg.com,2024-12-31,2023-12-31,15845000000.0,16242000000.0,1116000000.0,1270000000.0,6593000000.0,6564000000.0,-2.4442802610515946,-12.125984251968504,0.4418037781840341
PPL,Common Stock,PPL Corporation,"PPL Corporation is a prominent energy provider based in Allentown, Pennsylvania, recognized for its integrated operations in electricity generation, transmission, and distribution. The company serves millions of customers across several states, underpinned by a strong portfolio of regulated utilities and a commitment to advancing renewable energy initiatives. PPL is focused on sustainability and minimizing carbon emissions, effectively positioning itself as a key contributor to the transition towards a cleaner energy landscape. Through ongoing innovation and strategic expansion, PPL Corporation aims to enhance operational efficiency and deliver long-term value to its shareholders.",922224,NYSE,USD,USA,UTILITIES,UTILITIES - REGULATED ELECTRIC,"645 HAMILTON STREET, ALLENTOWN, PA, UNITED STATES, 18101",https://www.pplweb.com,2024-12-31,2023-12-31,8462000000.0,8312000000.0,888000000.0,740000000.0,3393000000.0,3276000000.0,1.8046198267564966,20.0,3.571428571428571
PFG,Common Stock,Principal Financial Group Inc,"Principal Financial Group Inc. (PFG), based in Des Moines, Iowa, is a prominent financial services provider that excels in investment management and insurance solutions. The company offers a comprehensive range of products, including retirement plans, asset management services, and various insurance options, catering to millions of clients globally. Recognized for its focus on sustainability and innovative practices, Principal Financial Group is dedicated to empowering individuals and businesses to achieve financial security and growth through technology-driven insights and customized financial strategies.",1126328,NASDAQ,USD,USA,FINANCIAL SERVICES,ASSET MANAGEMENT,"711 HIGH STREET, DES MOINES, IA, UNITED STATES, 50392",https://www.principal.com,2024-12-31,2023-12-31,16127700000.0,13665800000.0,1571000000.0,623200000.0,7353400000.0,5900100000.0,18.015044856503096,152.0860077021823,24.631785901933863
PG,Common Stock,Procter & Gamble Company,"The Procter & Gamble Company (P&G) is a premier American multinational consumer goods corporation, founded in 1837 and based in Cincinnati, Ohio. Renowned for its expansive portfolio, P&G specializes in personal health, consumer health, personal care, and hygiene products across key segments such as Beauty, Grooming, Health Care, and Fabric & Home Care. The company is distinguished by its commitment to innovation and sustainability, driving substantial financial performance and reinforcing its position as a reliable investment within the consumer staples space, appealing to institutional investors seeking both growth and stability in their portfolios.",80424,NYSE,USD,USA,CONSUMER DEFENSIVE,HOUSEHOLD & PERSONAL PRODUCTS,"ONE PROCTER & GAMBLE PLAZA, CINCINNATI, OH, UNITED STATES, 45202",https://www.pginvestor.com,2025-06-30,2024-06-30,84284000000.0,84039000000.0,15974000000.0,14879000000.0,43120000000.0,43191000000.0,0.2915313128428468,7.359365548759997,-0.16438609895580097
PGR,Common Stock,Progressive Corp,"The Progressive Corporation (PGR) is a leading American insurance provider, renowned for its status as one of the largest automobile insurers in the U.S. In addition to a wide range of auto insurance solutions, the company diversifies its offerings to include coverage for motorcycles, boats, recreational vehicles, commercial vehicles, and home insurance via strategic alliances. Progressive's commitment to innovation is evident through its integration of cutting-edge technology and data analytics, which significantly enhances its underwriting efficiency and claims processing capabilities. This focus on technological advancement, along with its robust risk management practices, positions Progressive for ongoing growth and a dominant presence in the evolving insurance landscape.",80661,NYSE,USD,USA,FINANCIAL SERVICES,INSURANCE - PROPERTY & CASUALTY,"300 NORTH COMMONS BLVD., MAYFIELD, OH, UNITED STATES, 44143",https://www.progressive.com,2024-12-31,2023-12-31,75343000000.0,62083000000.0,8480000000.0,3903000000.0,20900000000.0,11763000000.0,21.35850393827618,117.26876761465539,77.67576298563291
PLD,Common Stock,Prologis Inc,"Prologis, Inc. (PLD) is a premier real estate investment trust headquartered in San Francisco, California, specializing in the acquisition, development, and management of logistics facilities tailored to the dynamic needs of the global supply chain. With a strong emphasis on the rapidly growing e-commerce sector, Prologis strategically invests in high-quality distribution centers across key markets, utilizing advanced technology and analytics to optimize operational performance and enhance tenant experiences. Committed to sustainability and innovative supply chain solutions, Prologis not only underscores its leadership in logistics real estate but also its role in shaping the future of warehousing and distribution.",1045609,NYSE,USD,USA,REAL ESTATE,REIT - INDUSTRIAL,"PIER 1, BAY 1, SAN FRANCISCO, CA, UNITED STATES, 94111",https://www.prologis.com,2024-12-31,2023-12-31,8201610000.0,8023469000.0,3731635000.0,3059214000.0,6144369000.0,6013134000.0,2.2202491216704394,21.980188375183953,2.1824725675496337
PRU,Common Stock,Prudential Financial Inc,"Prudential Financial, Inc. is a leading global financial services firm headquartered in Newark, New Jersey, offering a wide array of insurance, investment management, and financial products tailored to both retail and institutional clients across more than 40 countries. Renowned for its strong financial stability and innovative approach, Prudential is committed to delivering solutions that meet diverse client needs, making it a trusted partner in achieving long-term financial goals. The company's subsidiaries leverage extensive industry expertise to provide comprehensive financial planning and risk management strategies, effectively navigating the complexities of today's market environment.",1137774,NYSE,USD,USA,FINANCIAL SERVICES,INSURANCE - LIFE,"751 BROAD STREET, NEWARK, NJ, UNITED STATES, 07102",https://www.prudential.com,2024-12-31,2023-12-31,70645000000.0,54265000000.0,2727000000.0,2488000000.0,17489000000.0,17555000000.0,30.185202248226297,9.606109324758842,-0.3759612645969809
PEG,Common Stock,Public Service Enterprise Group Inc,"Public Service Enterprise Group Inc. (PSEG) is a leading diversified energy company based in Newark, New Jersey, focused on the distribution of electricity and natural gas, as well as power generation. With a robust commitment to sustainability and a strategic vision for cleaner energy solutions, PSEG is positioned to be at the forefront of the energy transition while ensuring reliable services for its customers. The company, through its subsidiaries, plays an essential role in the Northeast energy market, emphasizing environmental responsibility and community engagement as key components of its operational strategy.",788784,NYSE,USD,USA,UTILITIES,UTILITIES - REGULATED ELECTRIC,"80 PARK PLAZA, NEWARK, NJ, UNITED STATES, 07102",https://investor.pseg.com/home/default.aspx,2024-12-31,2023-12-31,10290000000.0,11237000000.0,1772000000.0,2563000000.0,3541000000.0,4827000000.0,-8.427516240989588,-30.862270776433864,-26.641806505075614
PTC,Common Stock,PTC Inc,"PTC Inc. is a prominent American software and services provider that specializes in product development and lifecycle management solutions, catering to a wide array of industries. Established in 1985 and headquartered in Boston, Massachusetts, PTC delivers an extensive portfolio of innovative technologies, including computer-aided design (CAD), product lifecycle management (PLM), and Internet of Things (IoT) solutions. The company's focus on initiatives such as the Digital Thread and Digital Twin positions it as a leader in driving digital transformation and operational excellence. With the increasing demand for advanced digital engineering solutions, PTC is strategically positioned to leverage its expertise and strengthen its market presence in a rapidly evolving technological landscape.",857005,NASDAQ,USD,USA,TECHNOLOGY,SOFTWARE - APPLICATION,"121 SEAPORT BOULEVARD, BOSTON, MA, UNITED STATES, 02210",https://www.ptc.com,2025-09-30,2024-09-30,2739226000.0,2298472000.0,741032000.0,376333000.0,2248295000.0,1853656000.0,19.175956896581727,96.90858893586265,21.289764659677957
PSA,Common Stock,Public Storage,"Public Storage (PSA) is a premier real estate investment trust (REIT) headquartered in Glendale, California, specializing in self-storage solutions across the United States. With a comprehensive portfolio exceeding 2,800 facilities, the company serves both residential and commercial clients, supported by strong occupancy rates and strategic site selection. PSA’s operational excellence positions it as a leader in the self-storage sector, enabling it to effectively respond to the rising demand for storage in various economic environments. As an established brand in the industry, Public Storage is well-equipped to deliver sustained value to its shareholders.",1393311,NYSE,USD,USA,REAL ESTATE,REIT - INDUSTRIAL,"701 WESTERN AVENUE, GLENDALE, CA, UNITED STATES, 91201-2349",https://www.publicstorage.com,2024-12-31,2023-12-31,4695616000.0,4517690000.0,2072011000.0,2148327000.0,3437615000.0,3369744000.0,3.938428710247936,-3.5523456159141507,2.0141292632318657
PHM,Common Stock,PulteGroup Inc,"PulteGroup, Inc. (PHM), based in Atlanta, Georgia, ranks among the largest homebuilders in the United States, focusing on the development of a wide range of residential communities tailored to diverse buyer demographics. The company boasts a robust portfolio that encompasses single-family homes, townhouses, and active adult communities, all designed with a commitment to quality and customer satisfaction. PulteGroup utilizes innovative construction techniques and modern design principles to enhance its offerings, enabling it to effectively respond to evolving market demands. As a publicly traded company, PulteGroup is strategically positioned to leverage favorable trends in the housing market, presenting a compelling investment opportunity for institutional investors seeking exposure to the real estate sector.",822416,NYSE,USD,USA,CONSUMER CYCLICAL,RESIDENTIAL CONSTRUCTION,"3350 PEACHTREE ROAD NE, ATLANTA, GA, UNITED STATES, 30326",https://www.pultegroup.com,2024-12-31,2023-12-31,17946950000.0,16061578000.0,3083262000.0,2602372000.0,5221205000.0,29300.0,11.738398306816428,18.4789107783207,17819712.28668942
PWR,Common Stock,Quanta Services Inc,"Quanta Services Inc. (PWR) is a premier provider of specialized infrastructure services, focusing on the electric power, pipeline, industrial, and communications sectors. The company offers a comprehensive range of solutions including planning, design, installation, program management, maintenance, and repair, effectively addressing the diverse needs of its clients. With a strong emphasis on safety, operational efficiency, and sustainable practices, Quanta Services has established itself as a pivotal player in the development and enhancement of critical infrastructure across North America, positioning itself favorably in a dynamic market landscape.",1050915,NYSE,USD,USA,INDUSTRIALS,ENGINEERING & CONSTRUCTION,"2727 NORTH LOOP WEST, HOUSTON, TX, UNITED STATES, 77008",https://www.quantaservices.com,2024-12-31,2023-12-31,23672795000.0,20882206000.0,904824000.0,744689000.0,3127802000.0,2648072000.0,13.363477977374613,21.503607546237422,18.116199257422004
QCOM,Common Stock,Qualcomm Incorporated,"Qualcomm Incorporated is a leading American multinational corporation based in San Diego, California, recognized for its pioneering role in the semiconductor and telecommunications sectors. The company develops advanced technologies and services that drive wireless communications globally, holding a substantial portfolio of patents essential to key mobile standards, including 5G, 4G, and CDMA. With a robust focus on innovation, Qualcomm continues to enhance connectivity and computing capabilities across a diverse range of applications, positioning itself as a critical player in the evolution of mobile technology and the Internet of Things (IoT).",804328,NASDAQ,USD,USA,TECHNOLOGY,SEMICONDUCTORS,"5775 MOREHOUSE DRIVE, SAN DIEGO, CA, UNITED STATES, 92121-1714",https://www.qualcomm.com,2025-09-30,2024-09-30,44284000000.0,38962000000.0,5541000000.0,10142000000.0,24546000000.0,21902000000.0,13.65946306657769,-45.365805561033326,12.071956898913342
DGX,Common Stock,Quest Diagnostics Incorporated,"Quest Diagnostics Incorporated (DGX) is a premier American clinical laboratory and a recognized leader in the healthcare sector, ranked among the Fortune 500 companies. The company operates across the United States as well as in Puerto Rico, Mexico, and Brazil, providing a wide array of diagnostic testing services that support healthcare providers and enhance individual health management. Through its strategic partnerships with hospitals and clinics globally, Quest diagnostics expands its service delivery and accessibility, while its commitment to innovation positioned it at the forefront of advancements in patient care and diagnostic solutions.",1022079,NYSE,USD,USA,HEALTHCARE,DIAGNOSTICS & RESEARCH,"500 PLAZA DRIVE, SECAUCUS, NJ, UNITED STATES, 07094",https://www.questdiagnostics.com,2024-12-31,2023-12-31,9872000000.0,9252000000.0,871000000.0,854000000.0,3244000000.0,3053000000.0,6.701253782965845,1.9906323185011712,6.256141500163773
